instrument,open,high,low,close,date
BOF27-H27,0.06,0.12,-0.33,-0.2,1970-01-01
BOF27-K27,0.1,0.27,-0.59,-0.37,1970-01-01
BOF27-N27,0.21,0.55,-0.65,-0.36,1970-01-01
BOF27-Q27,0.75,1.28,-0.21,0.13,1970-01-01
BOF27-U27,1.41,1.75,0.18,0.64,1970-01-01
BOF27-V27,1.07,1.07,1.07,1.07,1970-01-01
BOF27-Z27,3.25,3.25,1.89,2.38,1970-01-01
BOH27-K27,0.13,0.16,-0.25,-0.17,1970-01-01
BOH27-N27,0.27,0.44,-0.33,-0.15,1970-01-01
BOH27-Q27,0.82,1.17,0.07,0.27,1970-01-01
BOH27-U27,0.49,0.73,0.49,0.68,1970-01-01
BOH27-V27,2.55,2.55,1.86,2.45,1970-01-01
BOH27-Z27,3.02,3.02,2.12,2.12,1970-01-01
BOK27-N27,0.19,0.29,-0.07,0.02,1970-01-01
BOK27-Q27,0.77,1.02,0.33,0.46,1970-01-01
BOK27-U27,1.75,1.75,0.85,0.95,1970-01-01
BOK27-Z27,3.06,3.06,2.14,2.35,1970-01-01
BON27-Q27,0.63,0.73,0.38,0.44,1970-01-01
BON27-U27,1.31,1.49,0.83,0.94,1970-01-01
BON27-V27,2.13,2.23,2.13,2.23,1970-01-01
BON27-Z27,2.51,2.95,1.49,1.69,1970-01-01
BOQ27-U27,0.7,0.8,0.43,0.48,1970-01-01
BOQ27-V27,1.65,1.65,0.99,0.99,1970-01-01
BOQ27-Z27,2.13,2.15,1.21,1.21,1970-01-01
BOU26-V26,-0.29,0.0,-0.38,-0.28,1970-01-01
BOU26-Z26,-0.64,-0.24,-0.76,-0.45,1970-01-01
BOU27-V27,0.76,0.88,0.5,0.54,1970-01-01
BOU27-Z27,1.08,1.19,0.7,0.7,1970-01-01
BOV26-F27,-0.35,-0.13,-1.01,-0.75,1970-01-01
BOV26-H27,-0.24,-0.02,-1.29,-0.95,1970-01-01
BOV26-K27,-0.3,0.1,-1.51,-1.11,1970-01-01
BOV26-N27,-0.06,0.38,-1.56,-1.12,1970-01-01
BOV26-Q27,0.44,1.1,-1.16,-0.75,1970-01-01
BOV26-U27,0.38,0.72,-0.6,-0.6,1970-01-01
BOV26-V27,1.38,1.39,0.32,0.32,1970-01-01
BOV26-Z26,-0.31,-0.17,-0.72,-0.57,1970-01-01
BOV26-Z27,1.34,1.34,1.34,1.34,1970-01-01
BOV27-Z27,0.4,0.53,0.19,0.23,1970-01-01
BOZ26-F27,0.06,0.07,-0.32,-0.2,1970-01-01
BOZ26-H27,0.11,0.19,-0.64,-0.41,1970-01-01
BOZ26-K27,0.14,0.33,-0.89,-0.57,1970-01-01
BOZ26-N27,0.33,0.62,-0.96,-0.56,1970-01-01
BOZ26-Q27,0.88,1.33,-0.55,-0.14,1970-01-01
BOZ26-U27,1.56,2.09,-0.13,0.36,1970-01-01
BOZ26-Z27,2.79,3.53,0.56,1.15,1970-01-01
CNH27-K27,-6.0,-5.75,-8.0,-6.75,1970-01-01
CNH27-N27,-6.25,-6.0,-11.0,-9.5,1970-01-01
CNH27-U27,24.75,25.25,14.25,18.25,1970-01-01
CNH27-Z27,25.75,26.0,10.25,14.5,1970-01-01
CNK27-N27,-0.25,-0.25,-3.5,-3.0,1970-01-01
CNK27-U27,30.75,31.25,21.75,25.0,1970-01-01
CNK27-Z27,31.75,32.0,17.25,20.75,1970-01-01
CNN27-Z27,31.75,33.75,20.5,23.75,1970-01-01
CNU26-H27,-39.0,-36.0,-39.5,-36.0,1970-01-01
CNU26-K27,-43.5,-43.5,-45.0,-45.0,1970-01-01
CNU26-N27,-45.0,-44.5,-45.0,-44.5,1970-01-01
CNU26-U27,-14.75,-14.75,-14.75,-14.75,1970-01-01
CNU26-Z26,-24.0,-12.0,-24.75,-21.0,1970-01-01
CNU27-Z27,0.5,0.75,-5.0,-4.0,1970-01-01
CNZ26-H27,-14.5,-13.0,-15.75,-13.75,1970-01-01
CNZ26-K27,-20.5,-19.25,-23.5,-20.25,1970-01-01
CNZ26-N27,-20.75,-20.75,-26.5,-23.0,1970-01-01
CNZ26-U27,10.25,10.5,-1.25,4.75,1970-01-01
CNZ26-Z27,10.75,11.5,-4.0,0.75,1970-01-01
KWH27-K27,-3.0,-2.0,-6.0,-4.25,1970-01-01
KWH27-N27,11.0,12.25,-2.25,-0.25,1970-01-01
KWH27-U27,15.5,16.75,-6.75,-3.25,1970-01-01
KWH27-Z27,11.25,15.0,-15.75,-15.75,1970-01-01
KWK27-N27,11.75,15.0,3.0,4.0,1970-01-01
KWK27-U27,15.75,18.75,-1.5,1.25,1970-01-01
KWK27-Z27,7.25,16.25,-9.75,-9.25,1970-01-01
KWN27-U27,4.0,4.75,-4.5,-3.0,1970-01-01
KWN27-Z27,2.25,4.0,-13.75,-12.5,1970-01-01
KWU26-H27,-28.75,-27.5,-28.75,-28.0,1970-01-01
KWU26-K27,-31.75,-31.75,-31.75,-31.75,1970-01-01
KWU26-N27,-14.0,-14.0,-14.0,-14.0,1970-01-01
KWU26-U27,-17.5,-17.5,-17.5,-17.5,1970-01-01
KWU26-Z26,-17.75,-13.25,-21.75,-13.25,1970-01-01
KWU27-Z27,-1.5,-0.75,-9.25,-8.0,1970-01-01
KWZ26-H27,-12.25,-11.75,-14.75,-12.25,1970-01-01
KWZ26-K27,-15.25,-14.0,-20.5,-16.5,1970-01-01
KWZ26-N27,-1.25,0.5,-15.5,-12.5,1970-01-01
KWZ26-U27,2.5,3.75,-20.0,-16.25,1970-01-01
KWZ26-Z27,-15.5,2.0,-27.5,-24.0,1970-01-01
SBF27-H27,-3.75,-3.5,-9.75,-6.75,1970-01-01
SBF27-K27,-8.0,-7.75,-17.0,-13.75,1970-01-01
SBF27-N27,-10.0,-7.75,-21.5,-18.5,1970-01-01
SBF27-Q27,6.75,12.5,-5.0,-0.25,1970-01-01
SBF27-U27,45.75,56.5,36.0,40.75,1970-01-01
SBF27-X27,60.0,74.0,46.25,55.5,1970-01-01
SBH27-K27,-4.0,-3.25,-7.75,-7.0,1970-01-01
SBH27-N27,-5.5,-3.75,-12.75,-11.25,1970-01-01
SBH27-Q27,11.75,17.25,3.75,6.5,1970-01-01
SBH27-U27,50.5,61.5,44.0,47.75,1970-01-01
SBH27-X27,62.25,78.0,54.75,62.5,1970-01-01
SBK27-N27,-1.5,-0.25,-5.0,-4.5,1970-01-01
SBK27-Q27,16.0,20.5,11.5,13.5,1970-01-01
SBK27-U27,54.5,65.0,52.0,54.75,1970-01-01
SBK27-X27,68.75,81.75,62.75,70.0,1970-01-01
SBN27-Q27,18.5,21.0,16.5,18.0,1970-01-01
SBN27-U27,57.5,66.25,55.25,59.75,1970-01-01
SBN27-X27,71.25,83.0,67.5,74.75,1970-01-01
SBQ27-U27,39.0,45.5,38.5,41.5,1970-01-01
SBQ27-X27,52.75,62.0,50.75,56.25,1970-01-01
SBU26-F27,-26.5,-23.0,-30.5,-29.5,1970-01-01
SBU26-X26,-11.5,-7.0,-18.25,-14.75,1970-01-01
SBU27-X27,12.75,17.0,11.5,14.75,1970-01-01
SBX26-F27,-14.75,-12.25,-17.5,-13.0,1970-01-01
SBX26-H27,-18.25,-18.25,-27.25,-20.0,1970-01-01
SBX26-K27,-22.25,-22.25,-34.0,-27.25,1970-01-01
SBX26-N27,-24.25,-22.75,-38.0,-32.0,1970-01-01
SBX26-Q27,-8.0,-2.0,-19.75,-13.75,1970-01-01
SBX26-U27,31.0,42.5,22.0,26.75,1970-01-01
SBX26-X27,46.75,59.5,31.25,43.0,1970-01-01
SMF27-H27,-0.2,2.0,-2.6,1.2,1970-01-01
SMF27-K27,-1.2,3.1,-4.2,1.4,1970-01-01
SMF27-N27,-2.8,3.1,-6.0,0.2,1970-01-01
SMF27-Q27,-2.9,7.6,-3.6,4.9,1970-01-01
SMF27-U27,6.2,11.8,5.4,11.8,1970-01-01
SMF27-V27,17.3,17.3,17.3,17.3,1970-01-01
SMF27-Z27,3.8,16.7,3.8,15.0,1970-01-01
SMH27-K27,-0.8,1.4,-1.9,0.1,1970-01-01
SMH27-N27,-2.4,1.4,-4.2,-0.9,1970-01-01
SMH27-Q27,-1.9,5.9,-2.0,3.2,1970-01-01
SMH27-U27,1.2,10.1,1.2,9.0,1970-01-01
SMH27-Z27,7.0,16.3,7.0,12.9,1970-01-01
SMK27-N27,-1.5,0.1,-2.4,-1.1,1970-01-01
SMK27-Q27,0.3,4.7,-0.4,3.2,1970-01-01
SMK27-U27,9.7,10.4,7.4,8.2,1970-01-01
SMK27-Z27,8.0,14.4,8.0,13.5,1970-01-01
SMN27-Q27,2.6,5.0,1.8,4.3,1970-01-01
SMN27-U27,5.7,10.7,4.8,9.6,1970-01-01
SMN27-V27,16.0,16.0,16.0,16.0,1970-01-01
SMN27-Z27,10.3,16.5,7.5,14.2,1970-01-01
SMQ27-U27,3.8,6.0,3.0,5.4,1970-01-01
SMQ27-V27,8.6,12.8,7.3,11.2,1970-01-01
SMQ27-Z27,8.1,11.7,7.3,10.8,1970-01-01
SMU26-V26,-4.3,1.7,-4.6,-2.8,1970-01-01
SMU26-Z26,-11.0,-4.4,-11.2,-4.4,1970-01-01
SMU27-V27,4.7,6.9,4.2,6.3,1970-01-01
SMU27-Z27,3.9,5.5,2.8,4.8,1970-01-01
SMV26-F27,-8.1,6.7,-10.2,3.9,1970-01-01
SMV26-H27,-8.3,8.4,-12.3,5.0,1970-01-01
SMV26-K27,-9.9,8.6,-13.9,5.3,1970-01-01
SMV26-N27,-10.4,7.7,-15.2,5.4,1970-01-01
SMV26-Q27,-10.0,12.0,-13.5,9.8,1970-01-01
SMV26-U27,-7.3,17.6,-8.2,15.3,1970-01-01
SMV26-V27,-2.7,1.9,-2.7,1.9,1970-01-01
SMV26-Z26,-6.4,4.9,-7.3,2.7,1970-01-01
SMV26-Z27,-1.4,20.7,-1.4,20.7,1970-01-01
SMV27-Z27,-1.0,-0.9,-2.1,-1.7,1970-01-01
SMZ26-F27,-1.6,1.9,-3.2,1.1,1970-01-01
SMZ26-H27,-1.6,3.9,-5.7,2.3,1970-01-01
SMZ26-K27,-2.8,4.2,-7.3,2.5,1970-01-01
SMZ26-N27,-4.2,3.9,-8.5,1.3,1970-01-01
SMZ26-Q27,-3.3,8.4,-6.7,5.7,1970-01-01
SMZ26-U27,-1.2,13.3,-3.5,11.1,1970-01-01
SMZ26-Z27,1.6,18.3,0.2,16.8,1970-01-01
WH27-K27,-5.0,-4.0,-9.5,-7.0,1970-01-01
WH27-N27,6.75,7.5,-10.0,-7.25,1970-01-01
WH27-U27,8.75,9.75,-17.0,-12.25,1970-01-01
WH27-Z27,0.5,4.25,-28.25,-22.5,1970-01-01
WK27-N27,11.0,12.25,-2.5,-0.5,1970-01-01
WK27-U27,13.25,13.5,-9.25,-5.5,1970-01-01
WK27-Z27,3.75,10.25,-20.75,-15.75,1970-01-01
WN27-U27,0.75,2.0,-6.75,-5.0,1970-01-01
WN27-Z27,-3.75,-1.25,-18.25,-15.25,1970-01-01
WU26-H27,-31.0,-30.25,-38.25,-38.25,1970-01-01
WU26-Z26,-15.75,-12.75,-22.25,-16.0,1970-01-01
WU27-Z27,-4.75,-4.5,-11.5,-10.0,1970-01-01
WZ26-H27,-13.75,-13.25,-18.0,-15.0,1970-01-01
WZ26-K27,-18.0,-17.25,-26.75,-22.0,1970-01-01
WZ26-N27,-7.75,-5.5,-25.75,-22.25,1970-01-01
WZ26-U27,-5.25,0.0,-32.5,-27.0,1970-01-01
WZ26-Z27,-11.75,-9.75,-44.0,-37.25,1970-01-01
