date,instrument,price,total_volume,buying_volume,selling_volume,delta
1970-01-01,BOF27-H27,-0.19,22,0,22,-22
1970-01-01,BOF27-H27,-0.18,334,98,236,-138
1970-01-01,BOF27-H27,-0.17,940,289,651,-362
1970-01-01,BOF27-H27,-0.16,1218,779,439,340
1970-01-01,BOF27-H27,-0.15,1276,631,645,-14
1970-01-01,BOF27-H27,-0.14,1234,676,558,118
1970-01-01,BOF27-H27,-0.13,510,257,253,4
1970-01-01,BOF27-H27,-0.12,137,122,15,107
1970-01-01,BOF27-H27,-0.11,251,165,86,79
1970-01-01,BOF27-H27,-0.1,3,3,0,3
1970-01-01,BOF27-K27,-0.25,23,7,16,-9
1970-01-01,BOF27-K27,-0.24,131,62,69,-7
1970-01-01,BOF27-K27,-0.23,47,21,26,-5
1970-01-01,BOF27-K27,-0.22,645,72,573,-501
1970-01-01,BOF27-K27,-0.21,210,152,58,94
1970-01-01,BOF27-K27,-0.2,48,25,23,2
1970-01-01,BOF27-K27,-0.19,203,77,126,-49
1970-01-01,BOF27-K27,-0.18,130,100,30,70
1970-01-01,BOF27-K27,-0.17,185,120,65,55
1970-01-01,BOF27-K27,-0.16,94,92,2,90
1970-01-01,BOF27-K27,-0.15,7,2,5,-3
1970-01-01,BOF27-K27,-0.14,43,15,28,-13
1970-01-01,BOF27-K27,-0.13,77,45,32,13
1970-01-01,BOF27-K27,-0.12,64,18,46,-28
1970-01-01,BOF27-K27,-0.11,30,20,10,10
1970-01-01,BOF27-K27,-0.1,33,32,1,31
1970-01-01,BOF27-K27,-0.09,12,12,0,12
1970-01-01,BOF27-N27,-0.15,8,0,8,-8
1970-01-01,BOF27-N27,-0.14,19,1,18,-17
1970-01-01,BOF27-N27,-0.13,20,0,20,-20
1970-01-01,BOF27-N27,-0.12,80,53,27,26
1970-01-01,BOF27-N27,-0.11,91,70,21,49
1970-01-01,BOF27-N27,-0.1,131,22,109,-87
1970-01-01,BOF27-N27,-0.09,83,42,41,1
1970-01-01,BOF27-N27,-0.08,138,96,42,54
1970-01-01,BOF27-N27,-0.07,161,128,33,95
1970-01-01,BOF27-N27,-0.06,75,35,40,-5
1970-01-01,BOF27-N27,-0.05,28,16,12,4
1970-01-01,BOF27-N27,-0.04,22,18,4,14
1970-01-01,BOF27-N27,-0.03,15,7,8,-1
1970-01-01,BOF27-N27,-0.02,2,0,2,-2
1970-01-01,BOF27-N27,-0.01,3,3,0,3
1970-01-01,BOF27-N27,0.0,5,5,0,5
1970-01-01,BOF27-N27,0.01,9,9,0,9
1970-01-01,BOF27-N27,0.02,3,0,3,-3
1970-01-01,BOF27-N27,0.03,8,1,7,-6
1970-01-01,BOF27-N27,0.04,18,4,14,-10
1970-01-01,BOF27-N27,0.05,9,3,6,-3
1970-01-01,BOF27-N27,0.06,4,3,1,2
1970-01-01,BOF27-N27,0.07,4,4,0,4
1970-01-01,BOF27-N27,0.08,4,4,0,4
1970-01-01,BOF27-N27,0.09,3,3,0,3
1970-01-01,BOF27-N27,0.1,13,13,0,13
1970-01-01,BOF27-N27,0.11,4,4,0,4
1970-01-01,BOF27-Q27,0.4,1,0,1,-1
1970-01-01,BOF27-Q27,0.41,5,0,5,-5
1970-01-01,BOF27-Q27,0.42,1,0,1,-1
1970-01-01,BOF27-Q27,0.43,8,0,8,-8
1970-01-01,BOF27-Q27,0.45,2,2,0,2
1970-01-01,BOF27-Q27,0.47,1,1,0,1
1970-01-01,BOF27-Q27,0.48,2,1,1,0
1970-01-01,BOF27-Q27,0.49,10,8,2,6
1970-01-01,BOF27-Q27,0.5,1,1,0,1
1970-01-01,BOF27-Q27,0.51,1,0,1,-1
1970-01-01,BOF27-Q27,0.52,1,1,0,1
1970-01-01,BOF27-Q27,0.53,1,1,0,1
1970-01-01,BOF27-Q27,0.56,5,0,5,-5
1970-01-01,BOF27-Q27,0.61,3,0,3,-3
1970-01-01,BOF27-Q27,0.67,1,1,0,1
1970-01-01,BOF27-U27,0.94,1,0,1,-1
1970-01-01,BOF27-U27,1.0,2,2,0,2
1970-01-01,BOF27-U27,1.01,3,2,1,1
1970-01-01,BOF27-U27,1.02,1,1,0,1
1970-01-01,BOF27-U27,1.09,2,0,2,-2
1970-01-01,BOF27-U27,1.11,1,0,1,-1
1970-01-01,BOH27-K27,-0.08,8,0,8,-8
1970-01-01,BOH27-K27,-0.07,413,135,278,-143
1970-01-01,BOH27-K27,-0.06,995,534,461,73
1970-01-01,BOH27-K27,-0.05,827,547,280,267
1970-01-01,BOH27-K27,-0.04,449,206,243,-37
1970-01-01,BOH27-K27,-0.03,221,194,27,167
1970-01-01,BOH27-K27,-0.02,152,122,30,92
1970-01-01,BOH27-K27,-0.01,200,94,106,-12
1970-01-01,BOH27-K27,0.0,221,143,78,65
1970-01-01,BOH27-K27,0.01,237,196,41,155
1970-01-01,BOH27-K27,0.02,1,1,0,1
1970-01-01,BOH27-N27,0.01,3,0,3,-3
1970-01-01,BOH27-N27,0.02,20,5,15,-10
1970-01-01,BOH27-N27,0.03,28,0,28,-28
1970-01-01,BOH27-N27,0.04,48,35,13,22
1970-01-01,BOH27-N27,0.05,66,27,39,-12
1970-01-01,BOH27-N27,0.06,121,73,48,25
1970-01-01,BOH27-N27,0.07,336,146,190,-44
1970-01-01,BOH27-N27,0.08,242,169,73,96
1970-01-01,BOH27-N27,0.09,157,134,23,111
1970-01-01,BOH27-N27,0.1,70,29,41,-12
1970-01-01,BOH27-N27,0.11,23,16,7,9
1970-01-01,BOH27-N27,0.12,24,3,21,-18
1970-01-01,BOH27-N27,0.13,13,8,5,3
1970-01-01,BOH27-N27,0.14,22,5,17,-12
1970-01-01,BOH27-N27,0.15,17,7,10,-3
1970-01-01,BOH27-N27,0.16,35,10,25,-15
1970-01-01,BOH27-N27,0.17,15,12,3,9
1970-01-01,BOH27-N27,0.18,13,7,6,1
1970-01-01,BOH27-N27,0.19,27,26,1,25
1970-01-01,BOH27-N27,0.2,17,16,1,15
1970-01-01,BOH27-N27,0.21,17,17,0,17
1970-01-01,BOH27-Q27,0.56,10,5,5,0
1970-01-01,BOH27-Q27,0.57,6,1,5,-4
1970-01-01,BOH27-Q27,0.58,6,3,3,0
1970-01-01,BOH27-Q27,0.59,11,2,9,-7
1970-01-01,BOH27-Q27,0.6,4,3,1,2
1970-01-01,BOH27-Q27,0.61,5,5,0,5
1970-01-01,BOH27-Q27,0.62,12,10,2,8
1970-01-01,BOH27-Q27,0.63,5,1,4,-3
1970-01-01,BOH27-Q27,0.64,6,1,5,-4
1970-01-01,BOH27-Q27,0.65,9,6,3,3
1970-01-01,BOH27-Q27,0.66,3,3,0,3
1970-01-01,BOH27-Q27,0.67,3,0,3,-3
1970-01-01,BOH27-Q27,0.68,3,0,3,-3
1970-01-01,BOH27-Q27,0.69,12,4,8,-4
1970-01-01,BOH27-Q27,0.71,5,0,5,-5
1970-01-01,BOH27-Q27,0.72,11,11,0,11
1970-01-01,BOH27-Q27,0.73,4,0,4,-4
1970-01-01,BOH27-Q27,0.76,2,0,2,-2
1970-01-01,BOH27-Q27,0.79,1,1,0,1
1970-01-01,BOH27-Q27,0.8,7,7,0,7
1970-01-01,BOK27-N27,0.08,34,9,25,-16
1970-01-01,BOK27-N27,0.09,51,11,40,-29
1970-01-01,BOK27-N27,0.1,93,52,41,11
1970-01-01,BOK27-N27,0.11,167,95,72,23
1970-01-01,BOK27-N27,0.12,424,123,301,-178
1970-01-01,BOK27-N27,0.13,1002,661,341,320
1970-01-01,BOK27-N27,0.14,1460,923,537,386
1970-01-01,BOK27-N27,0.15,667,503,164,339
1970-01-01,BOK27-N27,0.16,424,279,145,134
1970-01-01,BOK27-N27,0.17,437,220,217,3
1970-01-01,BOK27-N27,0.18,208,119,89,30
1970-01-01,BOK27-N27,0.19,500,326,174,152
1970-01-01,BOK27-N27,0.2,476,476,0,476
1970-01-01,BOK27-Q27,0.62,10,9,1,8
1970-01-01,BOK27-Q27,0.63,9,3,6,-3
1970-01-01,BOK27-Q27,0.64,2,1,1,0
1970-01-01,BOK27-Q27,0.65,20,13,7,6
1970-01-01,BOK27-Q27,0.66,27,20,7,13
1970-01-01,BOK27-Q27,0.67,10,3,7,-4
1970-01-01,BOK27-Q27,0.68,14,7,7,0
1970-01-01,BOK27-Q27,0.69,22,17,5,12
1970-01-01,BOK27-Q27,0.7,24,14,10,4
1970-01-01,BOK27-Q27,0.71,2,2,0,2
1970-01-01,BOK27-Q27,0.72,8,1,7,-6
1970-01-01,BOK27-Q27,0.73,14,2,12,-10
1970-01-01,BOK27-Q27,0.74,9,0,9,-9
1970-01-01,BOK27-Q27,0.76,3,1,2,-1
1970-01-01,BOK27-Q27,0.77,3,3,0,3
1970-01-01,BOK27-Q27,0.78,4,0,4,-4
1970-01-01,BOK27-U27,1.29,2,2,0,2
1970-01-01,BOK27-U27,1.3,105,103,2,101
1970-01-01,BOK27-U27,1.35,54,52,2,50
1970-01-01,BON27-Q27,0.5,3,0,3,-3
1970-01-01,BON27-Q27,0.51,126,8,118,-110
1970-01-01,BON27-Q27,0.52,262,60,202,-142
1970-01-01,BON27-Q27,0.53,195,70,125,-55
1970-01-01,BON27-Q27,0.54,80,40,40,0
1970-01-01,BON27-Q27,0.55,252,156,96,60
1970-01-01,BON27-Q27,0.56,262,157,105,52
1970-01-01,BON27-Q27,0.57,219,111,108,3
1970-01-01,BON27-Q27,0.58,133,94,39,55
1970-01-01,BON27-Q27,0.59,206,154,52,102
1970-01-01,BON27-Q27,0.6,11,11,0,11
1970-01-01,BON27-U27,1.06,8,0,8,-8
1970-01-01,BON27-U27,1.07,1,0,1,-1
1970-01-01,BON27-U27,1.08,7,0,7,-7
1970-01-01,BON27-U27,1.09,8,3,5,-2
1970-01-01,BON27-U27,1.1,4,3,1,2
1970-01-01,BON27-U27,1.11,22,13,9,4
1970-01-01,BON27-U27,1.12,16,11,5,6
1970-01-01,BON27-U27,1.13,39,6,33,-27
1970-01-01,BON27-U27,1.14,3,1,2,-1
1970-01-01,BON27-U27,1.15,6,2,4,-2
1970-01-01,BON27-U27,1.16,10,3,7,-4
1970-01-01,BON27-U27,1.17,5,2,3,-1
1970-01-01,BON27-U27,1.18,31,27,4,23
1970-01-01,BON27-U27,1.19,17,17,0,17
1970-01-01,BON27-Z27,1.92,4,0,4,-4
1970-01-01,BON27-Z27,1.93,3,2,1,1
1970-01-01,BON27-Z27,1.94,9,0,9,-9
1970-01-01,BON27-Z27,1.95,8,6,2,4
1970-01-01,BON27-Z27,1.96,20,4,16,-12
1970-01-01,BON27-Z27,1.97,21,21,0,21
1970-01-01,BON27-Z27,1.98,18,10,8,2
1970-01-01,BON27-Z27,1.99,7,4,3,1
1970-01-01,BON27-Z27,2.0,32,24,8,16
1970-01-01,BON27-Z27,2.01,27,7,20,-13
1970-01-01,BON27-Z27,2.02,68,46,22,24
1970-01-01,BON27-Z27,2.03,24,12,12,0
1970-01-01,BON27-Z27,2.04,19,1,18,-17
1970-01-01,BON27-Z27,2.05,29,5,24,-19
1970-01-01,BON27-Z27,2.06,45,2,43,-41
1970-01-01,BON27-Z27,2.07,49,4,45,-41
1970-01-01,BON27-Z27,2.08,146,8,138,-130
1970-01-01,BON27-Z27,2.09,65,4,61,-57
1970-01-01,BON27-Z27,2.1,122,25,97,-72
1970-01-01,BON27-Z27,2.11,83,24,59,-35
1970-01-01,BON27-Z27,2.12,53,25,28,-3
1970-01-01,BON27-Z27,2.13,73,10,63,-53
1970-01-01,BON27-Z27,2.14,56,37,19,18
1970-01-01,BON27-Z27,2.15,26,16,10,6
1970-01-01,BON27-Z27,2.16,91,42,49,-7
1970-01-01,BON27-Z27,2.17,122,19,103,-84
1970-01-01,BON27-Z27,2.18,113,45,68,-23
1970-01-01,BON27-Z27,2.19,50,17,33,-16
1970-01-01,BON27-Z27,2.2,32,26,6,20
1970-01-01,BON27-Z27,2.21,1,1,0,1
1970-01-01,BON27-Z27,2.22,2,2,0,2
1970-01-01,BOQ27-U27,0.55,27,0,27,-27
1970-01-01,BOQ27-U27,0.56,70,14,56,-42
1970-01-01,BOQ27-U27,0.57,79,15,64,-49
1970-01-01,BOQ27-U27,0.58,90,34,56,-22
1970-01-01,BOQ27-U27,0.59,229,53,176,-123
1970-01-01,BOQ27-U27,0.6,110,20,90,-70
1970-01-01,BOQ27-U27,0.61,318,108,210,-102
1970-01-01,BOQ27-U27,0.62,64,35,29,6
1970-01-01,BOQ27-U27,0.63,47,29,18,11
1970-01-01,BOQ27-U27,0.64,1,1,0,1
1970-01-01,BOU27-V27,0.61,7,0,7,-7
1970-01-01,BOU27-V27,0.62,13,8,5,3
1970-01-01,BOU27-V27,0.63,32,21,11,10
1970-01-01,BOU27-V27,0.64,62,46,16,30
1970-01-01,BOU27-V27,0.65,172,63,109,-46
1970-01-01,BOU27-V27,0.66,199,100,99,1
1970-01-01,BOU27-V27,0.67,78,53,25,28
1970-01-01,BOU27-V27,0.68,53,46,7,39
1970-01-01,BOU27-V27,0.69,19,17,2,15
1970-01-01,BOU27-Z27,0.97,1,0,1,-1
1970-01-01,BOV26-F27,-0.86,22,0,22,-22
1970-01-01,BOV26-F27,-0.85,47,23,24,-1
1970-01-01,BOV26-F27,-0.84,35,8,27,-19
1970-01-01,BOV26-F27,-0.83,165,78,87,-9
1970-01-01,BOV26-F27,-0.82,199,120,79,41
1970-01-01,BOV26-F27,-0.81,343,127,216,-89
1970-01-01,BOV26-F27,-0.8,306,225,81,144
1970-01-01,BOV26-F27,-0.79,190,105,85,20
1970-01-01,BOV26-F27,-0.78,95,14,81,-67
1970-01-01,BOV26-F27,-0.77,197,45,152,-107
1970-01-01,BOV26-F27,-0.76,362,158,204,-46
1970-01-01,BOV26-F27,-0.75,400,145,255,-110
1970-01-01,BOV26-F27,-0.74,370,209,161,48
1970-01-01,BOV26-F27,-0.73,307,201,106,95
1970-01-01,BOV26-F27,-0.72,30,14,16,-2
1970-01-01,BOV26-F27,-0.71,16,8,8,0
1970-01-01,BOV26-F27,-0.7,3,3,0,3
1970-01-01,BOV26-F27,-0.65,1,1,0,1
1970-01-01,BOV26-H27,-1.03,4,0,4,-4
1970-01-01,BOV26-H27,-1.02,61,0,61,-61
1970-01-01,BOV26-H27,-1.01,32,19,13,6
1970-01-01,BOV26-H27,-1.0,32,16,16,0
1970-01-01,BOV26-H27,-0.99,56,30,26,4
1970-01-01,BOV26-H27,-0.98,93,17,76,-59
1970-01-01,BOV26-H27,-0.97,52,27,25,2
1970-01-01,BOV26-H27,-0.96,99,71,28,43
1970-01-01,BOV26-H27,-0.95,157,49,108,-59
1970-01-01,BOV26-H27,-0.94,33,21,12,9
1970-01-01,BOV26-H27,-0.93,132,50,82,-32
1970-01-01,BOV26-H27,-0.92,98,15,83,-68
1970-01-01,BOV26-H27,-0.91,68,19,49,-30
1970-01-01,BOV26-H27,-0.9,110,24,86,-62
1970-01-01,BOV26-H27,-0.89,155,63,92,-29
1970-01-01,BOV26-H27,-0.88,622,541,81,460
1970-01-01,BOV26-H27,-0.87,389,374,15,359
1970-01-01,BOV26-H27,-0.86,21,11,10,1
1970-01-01,BOV26-H27,-0.85,33,14,19,-5
1970-01-01,BOV26-H27,-0.84,70,59,11,48
1970-01-01,BOV26-H27,-0.83,3,2,1,1
1970-01-01,BOV26-H27,-0.82,7,6,1,5
1970-01-01,BOV26-K27,-1.1,3,0,3,-3
1970-01-01,BOV26-K27,-1.09,2,0,2,-2
1970-01-01,BOV26-K27,-1.08,4,0,4,-4
1970-01-01,BOV26-K27,-1.07,18,13,5,8
1970-01-01,BOV26-K27,-1.06,6,2,4,-2
1970-01-01,BOV26-K27,-1.05,9,2,7,-5
1970-01-01,BOV26-K27,-1.04,12,6,6,0
1970-01-01,BOV26-K27,-1.03,10,7,3,4
1970-01-01,BOV26-K27,-1.02,9,6,3,3
1970-01-01,BOV26-K27,-1.01,18,13,5,8
1970-01-01,BOV26-K27,-1.0,12,6,6,0
1970-01-01,BOV26-K27,-0.99,13,3,10,-7
1970-01-01,BOV26-K27,-0.98,11,5,6,-1
1970-01-01,BOV26-K27,-0.97,3,1,2,-1
1970-01-01,BOV26-K27,-0.96,19,3,16,-13
1970-01-01,BOV26-K27,-0.95,11,2,9,-7
1970-01-01,BOV26-K27,-0.94,21,7,14,-7
1970-01-01,BOV26-K27,-0.93,10,4,6,-2
1970-01-01,BOV26-K27,-0.92,18,5,13,-8
1970-01-01,BOV26-K27,-0.91,17,13,4,9
1970-01-01,BOV26-K27,-0.9,9,5,4,1
1970-01-01,BOV26-K27,-0.89,6,4,2,2
1970-01-01,BOV26-K27,-0.88,12,3,9,-6
1970-01-01,BOV26-K27,-0.87,1,1,0,1
1970-01-01,BOV26-K27,-0.86,16,1,15,-14
1970-01-01,BOV26-K27,-0.85,2,1,1,0
1970-01-01,BOV26-K27,-0.84,5,0,5,-5
1970-01-01,BOV26-K27,-0.83,6,6,0,6
1970-01-01,BOV26-N27,-0.96,2,1,1,0
1970-01-01,BOV26-N27,-0.95,16,1,15,-14
1970-01-01,BOV26-N27,-0.94,10,4,6,-2
1970-01-01,BOV26-N27,-0.93,27,15,12,3
1970-01-01,BOV26-N27,-0.92,36,18,18,0
1970-01-01,BOV26-N27,-0.91,27,17,10,7
1970-01-01,BOV26-N27,-0.9,48,12,36,-24
1970-01-01,BOV26-N27,-0.89,66,31,35,-4
1970-01-01,BOV26-N27,-0.88,74,50,24,26
1970-01-01,BOV26-N27,-0.87,42,25,17,8
1970-01-01,BOV26-N27,-0.86,16,7,9,-2
1970-01-01,BOV26-N27,-0.85,17,5,12,-7
1970-01-01,BOV26-N27,-0.84,26,9,17,-8
1970-01-01,BOV26-N27,-0.83,24,9,15,-6
1970-01-01,BOV26-N27,-0.82,31,16,15,1
1970-01-01,BOV26-N27,-0.81,38,16,22,-6
1970-01-01,BOV26-N27,-0.8,64,34,30,4
1970-01-01,BOV26-N27,-0.79,20,10,10,0
1970-01-01,BOV26-N27,-0.78,17,8,9,-1
1970-01-01,BOV26-N27,-0.77,12,5,7,-2
1970-01-01,BOV26-N27,-0.76,2,2,0,2
1970-01-01,BOV26-N27,-0.75,2,0,2,-2
1970-01-01,BOV26-N27,-0.74,7,3,4,-1
1970-01-01,BOV26-N27,-0.73,1,0,1,-1
1970-01-01,BOV26-N27,-0.71,9,0,9,-9
1970-01-01,BOV26-N27,-0.7,6,0,6,-6
1970-01-01,BOV26-N27,-0.69,6,4,2,2
1970-01-01,BOV26-N27,-0.67,2,2,0,2
1970-01-01,BOV26-N27,-0.66,4,3,1,2
1970-01-01,BOV26-N27,-0.65,11,5,6,-1
1970-01-01,BOV26-N27,-0.64,5,5,0,5
1970-01-01,BOV26-N27,-0.63,2,2,0,2
1970-01-01,BOV26-Q27,-0.43,1,1,0,1
1970-01-01,BOV26-Q27,-0.4,1,0,1,-1
1970-01-01,BOV26-Q27,-0.39,3,0,3,-3
1970-01-01,BOV26-Q27,-0.38,20,0,20,-20
1970-01-01,BOV26-Q27,-0.37,2,0,2,-2
1970-01-01,BOV26-Q27,-0.36,4,4,0,4
1970-01-01,BOV26-Q27,-0.35,13,6,7,-1
1970-01-01,BOV26-Q27,-0.34,11,3,8,-5
1970-01-01,BOV26-Q27,-0.33,2,2,0,2
1970-01-01,BOV26-Q27,-0.32,3,0,3,-3
1970-01-01,BOV26-Q27,-0.31,1,1,0,1
1970-01-01,BOV26-Q27,-0.3,5,1,4,-3
1970-01-01,BOV26-Q27,-0.29,2,1,1,0
1970-01-01,BOV26-Q27,-0.26,4,3,1,2
1970-01-01,BOV26-Q27,-0.25,3,3,0,3
1970-01-01,BOV26-Q27,-0.24,1,0,1,-1
1970-01-01,BOV26-Q27,-0.22,1,1,0,1
1970-01-01,BOV26-Q27,-0.21,7,0,7,-7
1970-01-01,BOV26-Q27,-0.2,3,2,1,1
1970-01-01,BOV26-Q27,-0.17,3,3,0,3
1970-01-01,BOV26-Q27,-0.11,1,0,1,-1
1970-01-01,BOV26-Q27,-0.08,3,3,0,3
1970-01-01,BOV26-Q27,-0.05,1,1,0,1
1970-01-01,BOV26-Q27,-0.04,1,1,0,1
1970-01-01,BOV26-U27,0.2,1,0,1,-1
1970-01-01,BOV26-U27,0.5,1,1,0,1
1970-01-01,BOV26-V27,0.81,2,0,2,-2
1970-01-01,BOV26-V27,0.82,2,0,2,-2
1970-01-01,BOV26-Z26,-0.58,301,0,301,-301
1970-01-01,BOV26-Z26,-0.57,1148,695,453,242
1970-01-01,BOV26-Z26,-0.56,569,222,347,-125
1970-01-01,BOV26-Z26,-0.55,1231,546,685,-139
1970-01-01,BOV26-Z26,-0.54,3086,1477,1609,-132
1970-01-01,BOV26-Z26,-0.53,2951,2072,879,1193
1970-01-01,BOV26-Z26,-0.52,1423,996,427,569
1970-01-01,BOV26-Z26,-0.51,2647,594,2053,-1459
1970-01-01,BOV26-Z26,-0.5,5589,3121,2468,653
1970-01-01,BOV26-Z26,-0.49,3656,2986,670,2316
1970-01-01,BOV26-Z26,-0.48,1594,823,771,52
1970-01-01,BOV26-Z26,-0.47,1151,991,160,831
1970-01-01,BOV26-Z26,-0.46,55,55,0,55
1970-01-01,BOV27-Z27,0.26,17,13,4,9
1970-01-01,BOV27-Z27,0.27,70,14,56,-42
1970-01-01,BOV27-Z27,0.28,92,21,71,-50
1970-01-01,BOV27-Z27,0.29,25,5,20,-15
1970-01-01,BOV27-Z27,0.3,39,22,17,5
1970-01-01,BOV27-Z27,0.31,78,41,37,4
1970-01-01,BOV27-Z27,0.32,51,26,25,1
1970-01-01,BOV27-Z27,0.33,20,19,1,18
1970-01-01,BOV27-Z27,0.34,5,2,3,-1
1970-01-01,BOZ26-F27,-0.3,1328,0,1328,-1328
1970-01-01,BOZ26-F27,-0.29,3064,774,2290,-1516
1970-01-01,BOZ26-F27,-0.28,4904,1355,3549,-2194
1970-01-01,BOZ26-F27,-0.27,5153,2887,2266,621
1970-01-01,BOZ26-F27,-0.26,3316,1845,1471,374
1970-01-01,BOZ26-F27,-0.25,3023,763,2260,-1497
1970-01-01,BOZ26-F27,-0.24,4486,2319,2167,152
1970-01-01,BOZ26-F27,-0.23,1324,1230,94,1136
1970-01-01,BOZ26-F27,-0.22,10,7,3,4
1970-01-01,BOZ26-H27,-0.49,2,0,2,-2
1970-01-01,BOZ26-H27,-0.48,182,8,174,-166
1970-01-01,BOZ26-H27,-0.47,113,31,82,-51
1970-01-01,BOZ26-H27,-0.46,454,301,153,148
1970-01-01,BOZ26-H27,-0.45,1261,84,1177,-1093
1970-01-01,BOZ26-H27,-0.44,661,271,390,-119
1970-01-01,BOZ26-H27,-0.43,602,337,265,72
1970-01-01,BOZ26-H27,-0.42,898,468,430,38
1970-01-01,BOZ26-H27,-0.41,879,531,348,183
1970-01-01,BOZ26-H27,-0.4,366,72,294,-222
1970-01-01,BOZ26-H27,-0.39,902,146,756,-610
1970-01-01,BOZ26-H27,-0.38,1509,552,957,-405
1970-01-01,BOZ26-H27,-0.37,736,324,412,-88
1970-01-01,BOZ26-H27,-0.36,224,194,30,164
1970-01-01,BOZ26-H27,-0.35,117,19,98,-79
1970-01-01,BOZ26-H27,-0.34,65,64,1,63
1970-01-01,BOZ26-H27,-0.33,1,0,1,-1
1970-01-01,BOZ26-K27,-0.55,57,7,50,-43
1970-01-01,BOZ26-K27,-0.54,61,37,24,13
1970-01-01,BOZ26-K27,-0.53,129,36,93,-57
1970-01-01,BOZ26-K27,-0.52,90,54,36,18
1970-01-01,BOZ26-K27,-0.51,246,85,161,-76
1970-01-01,BOZ26-K27,-0.5,379,151,228,-77
1970-01-01,BOZ26-K27,-0.49,388,335,53,282
1970-01-01,BOZ26-K27,-0.48,116,32,84,-52
1970-01-01,BOZ26-K27,-0.47,263,177,86,91
1970-01-01,BOZ26-K27,-0.46,100,51,49,2
1970-01-01,BOZ26-K27,-0.45,82,37,45,-8
1970-01-01,BOZ26-K27,-0.44,134,26,108,-82
1970-01-01,BOZ26-K27,-0.43,159,21,138,-117
1970-01-01,BOZ26-K27,-0.42,289,66,223,-157
1970-01-01,BOZ26-K27,-0.41,172,93,79,14
1970-01-01,BOZ26-K27,-0.4,57,30,27,3
1970-01-01,BOZ26-K27,-0.39,50,19,31,-12
1970-01-01,BOZ26-K27,-0.38,128,4,124,-120
1970-01-01,BOZ26-K27,-0.37,55,26,29,-3
1970-01-01,BOZ26-K27,-0.36,117,38,79,-41
1970-01-01,BOZ26-K27,-0.35,23,2,21,-19
1970-01-01,BOZ26-K27,-0.34,51,22,29,-7
1970-01-01,BOZ26-K27,-0.33,26,25,1,24
1970-01-01,BOZ26-N27,-0.43,6,0,6,-6
1970-01-01,BOZ26-N27,-0.42,33,2,31,-29
1970-01-01,BOZ26-N27,-0.41,66,25,41,-16
1970-01-01,BOZ26-N27,-0.4,174,49,125,-76
1970-01-01,BOZ26-N27,-0.39,201,93,108,-15
1970-01-01,BOZ26-N27,-0.38,538,150,388,-238
1970-01-01,BOZ26-N27,-0.37,740,394,346,48
1970-01-01,BOZ26-N27,-0.36,913,532,381,151
1970-01-01,BOZ26-N27,-0.35,1129,832,297,535
1970-01-01,BOZ26-N27,-0.34,743,509,234,275
1970-01-01,BOZ26-N27,-0.33,868,631,237,394
1970-01-01,BOZ26-N27,-0.32,596,418,178,240
1970-01-01,BOZ26-N27,-0.31,540,218,322,-104
1970-01-01,BOZ26-N27,-0.3,508,240,268,-28
1970-01-01,BOZ26-N27,-0.29,728,473,255,218
1970-01-01,BOZ26-N27,-0.28,541,445,96,349
1970-01-01,BOZ26-N27,-0.27,366,238,128,110
1970-01-01,BOZ26-N27,-0.26,247,184,63,121
1970-01-01,BOZ26-N27,-0.25,202,139,63,76
1970-01-01,BOZ26-N27,-0.24,33,26,7,19
1970-01-01,BOZ26-N27,-0.23,91,73,18,55
1970-01-01,BOZ26-N27,-0.22,19,9,10,-1
1970-01-01,BOZ26-N27,-0.21,39,14,25,-11
1970-01-01,BOZ26-N27,-0.2,66,12,54,-42
1970-01-01,BOZ26-N27,-0.19,102,77,25,52
1970-01-01,BOZ26-N27,-0.18,99,71,28,43
1970-01-01,BOZ26-N27,-0.17,41,10,31,-21
1970-01-01,BOZ26-N27,-0.16,114,82,32,50
1970-01-01,BOZ26-N27,-0.15,105,57,48,9
1970-01-01,BOZ26-N27,-0.14,90,88,2,86
1970-01-01,BOZ26-N27,-0.13,112,55,57,-2
1970-01-01,BOZ26-Q27,0.08,1,0,1,-1
1970-01-01,BOZ26-Q27,0.09,1,1,0,1
1970-01-01,BOZ26-Q27,0.1,3,1,2,-1
1970-01-01,BOZ26-Q27,0.11,4,1,3,-2
1970-01-01,BOZ26-Q27,0.12,20,3,17,-14
1970-01-01,BOZ26-Q27,0.13,32,3,29,-26
1970-01-01,BOZ26-Q27,0.14,26,2,24,-22
1970-01-01,BOZ26-Q27,0.15,46,10,36,-26
1970-01-01,BOZ26-Q27,0.16,88,54,34,20
1970-01-01,BOZ26-Q27,0.17,31,19,12,7
1970-01-01,BOZ26-Q27,0.18,73,49,24,25
1970-01-01,BOZ26-Q27,0.19,16,10,6,4
1970-01-01,BOZ26-Q27,0.2,56,24,32,-8
1970-01-01,BOZ26-Q27,0.21,2,0,2,-2
1970-01-01,BOZ26-Q27,0.22,9,0,9,-9
1970-01-01,BOZ26-Q27,0.23,4,1,3,-2
1970-01-01,BOZ26-Q27,0.24,2,1,1,0
1970-01-01,BOZ26-Q27,0.25,21,16,5,11
1970-01-01,BOZ26-Q27,0.26,16,3,13,-10
1970-01-01,BOZ26-Q27,0.27,7,4,3,1
1970-01-01,BOZ26-Q27,0.28,8,5,3,2
1970-01-01,BOZ26-Q27,0.29,2,0,2,-2
1970-01-01,BOZ26-Q27,0.3,11,3,8,-5
1970-01-01,BOZ26-Q27,0.31,9,9,0,9
1970-01-01,BOZ26-Q27,0.33,2,2,0,2
1970-01-01,BOZ26-Q27,0.37,1,0,1,-1
1970-01-01,BOZ26-Q27,0.38,1,0,1,-1
1970-01-01,BOZ26-Q27,0.42,3,1,2,-1
1970-01-01,BOZ26-U27,0.62,2,0,2,-2
1970-01-01,BOZ26-U27,0.63,3,0,3,-3
1970-01-01,BOZ26-U27,0.64,1,0,1,-1
1970-01-01,BOZ26-U27,0.65,1,0,1,-1
1970-01-01,BOZ26-U27,0.66,1,0,1,-1
1970-01-01,BOZ26-U27,0.67,4,1,3,-2
1970-01-01,BOZ26-U27,0.68,5,1,4,-3
1970-01-01,BOZ26-U27,0.69,11,3,8,-5
1970-01-01,BOZ26-U27,0.7,27,0,27,-27
1970-01-01,BOZ26-U27,0.71,16,0,16,-16
1970-01-01,BOZ26-U27,0.72,53,30,23,7
1970-01-01,BOZ26-U27,0.73,39,9,30,-21
1970-01-01,BOZ26-U27,0.74,23,12,11,1
1970-01-01,BOZ26-U27,0.75,43,19,24,-5
1970-01-01,BOZ26-U27,0.76,11,5,6,-1
1970-01-01,BOZ26-U27,0.77,28,17,11,6
1970-01-01,BOZ26-U27,0.78,24,16,8,8
1970-01-01,BOZ26-U27,0.79,1,1,0,1
1970-01-01,BOZ26-U27,0.8,16,10,6,4
1970-01-01,BOZ26-U27,0.81,19,8,11,-3
1970-01-01,BOZ26-U27,0.82,2,0,2,-2
1970-01-01,BOZ26-U27,0.83,5,5,0,5
1970-01-01,BOZ26-U27,0.85,9,0,9,-9
1970-01-01,BOZ26-U27,0.86,8,0,8,-8
1970-01-01,BOZ26-U27,0.87,3,0,3,-3
1970-01-01,BOZ26-U27,0.88,3,1,2,-1
1970-01-01,BOZ26-U27,0.89,1,1,0,1
1970-01-01,BOZ26-U27,0.9,2,0,2,-2
1970-01-01,BOZ26-U27,0.91,34,33,1,32
1970-01-01,BOZ26-U27,0.97,1,0,1,-1
1970-01-01,BOZ26-U27,0.98,2,0,2,-2
1970-01-01,BOZ26-Z27,1.47,3,0,3,-3
1970-01-01,BOZ26-Z27,1.48,2,0,2,-2
1970-01-01,BOZ26-Z27,1.49,1,0,1,-1
1970-01-01,BOZ26-Z27,1.5,1,0,1,-1
1970-01-01,BOZ26-Z27,1.53,4,0,4,-4
1970-01-01,BOZ26-Z27,1.55,1,0,1,-1
1970-01-01,BOZ26-Z27,1.56,1,0,1,-1
1970-01-01,BOZ26-Z27,1.57,1,0,1,-1
1970-01-01,BOZ26-Z27,1.6,108,5,103,-98
1970-01-01,BOZ26-Z27,1.61,1,1,0,1
1970-01-01,BOZ26-Z27,1.63,2,0,2,-2
1970-01-01,BOZ26-Z27,1.64,1,0,1,-1
1970-01-01,BOZ26-Z27,1.66,1,1,0,1
1970-01-01,BOZ26-Z27,1.67,3,2,1,1
1970-01-01,BOZ26-Z27,1.68,2,1,1,0
1970-01-01,BOZ26-Z27,1.7,3,0,3,-3
1970-01-01,BOZ26-Z27,1.71,10,0,10,-10
1970-01-01,BOZ26-Z27,1.72,7,5,2,3
1970-01-01,BOZ26-Z27,1.73,5,5,0,5
1970-01-01,BOZ26-Z27,1.74,9,7,2,5
1970-01-01,BOZ26-Z27,1.75,13,10,3,7
1970-01-01,BOZ26-Z27,1.76,5,0,5,-5
1970-01-01,BOZ26-Z27,1.77,5,0,5,-5
1970-01-01,BOZ26-Z27,1.78,6,2,4,-2
1970-01-01,BOZ26-Z27,1.79,7,2,5,-3
1970-01-01,BOZ26-Z27,1.8,22,10,12,-2
1970-01-01,BOZ26-Z27,1.81,1,0,1,-1
1970-01-01,BOZ26-Z27,1.82,2,2,0,2
1970-01-01,BOZ26-Z27,1.83,3,2,1,1
1970-01-01,BOZ26-Z27,1.84,9,3,6,-3
1970-01-01,BOZ26-Z27,1.85,13,7,6,1
1970-01-01,BOZ26-Z27,1.86,7,1,6,-5
1970-01-01,BOZ26-Z27,1.87,8,7,1,6
1970-01-01,BOZ26-Z27,1.89,1,1,0,1
1970-01-01,BOZ26-Z27,1.97,4,4,0,4
1970-01-01,CNH27-K27,-7.25,17,0,17,-17
1970-01-01,CNH27-K27,-7.0,8868,2465,6403,-3938
1970-01-01,CNH27-K27,-6.75,3520,317,3203,-2886
1970-01-01,CNH27-K27,-6.5,3712,1427,2285,-858
1970-01-01,CNH27-K27,-6.25,1931,1574,357,1217
1970-01-01,CNH27-N27,-9.75,300,0,300,-300
1970-01-01,CNH27-N27,-9.5,2248,629,1619,-990
1970-01-01,CNH27-N27,-9.25,2126,1397,729,668
1970-01-01,CNH27-N27,-9.0,2259,954,1305,-351
1970-01-01,CNH27-N27,-8.75,1367,854,513,341
1970-01-01,CNH27-N27,-8.5,21,21,0,21
1970-01-01,CNH27-U27,17.0,17,0,17,-17
1970-01-01,CNH27-U27,17.25,13,8,5,3
1970-01-01,CNH27-U27,17.5,1,1,0,1
1970-01-01,CNH27-U27,17.75,16,12,4,8
1970-01-01,CNH27-U27,18.0,24,10,14,-4
1970-01-01,CNH27-U27,18.25,37,12,25,-13
1970-01-01,CNH27-U27,18.5,113,82,31,51
1970-01-01,CNH27-U27,18.75,93,44,49,-5
1970-01-01,CNH27-U27,19.0,93,54,39,15
1970-01-01,CNH27-U27,19.25,31,23,8,15
1970-01-01,CNH27-U27,19.5,9,6,3,3
1970-01-01,CNH27-Z27,13.0,150,105,45,60
1970-01-01,CNH27-Z27,13.25,85,57,28,29
1970-01-01,CNH27-Z27,13.5,24,16,8,8
1970-01-01,CNH27-Z27,13.75,33,18,15,3
1970-01-01,CNH27-Z27,14.0,69,26,43,-17
1970-01-01,CNH27-Z27,14.25,18,8,10,-2
1970-01-01,CNH27-Z27,14.5,30,19,11,8
1970-01-01,CNH27-Z27,14.75,46,12,34,-22
1970-01-01,CNH27-Z27,15.0,703,668,35,633
1970-01-01,CNH27-Z27,15.25,258,177,81,96
1970-01-01,CNH27-Z27,15.5,29,20,9,11
1970-01-01,CNH27-Z27,15.75,1,0,1,-1
1970-01-01,CNK27-N27,-3.25,1,0,1,-1
1970-01-01,CNK27-N27,-3.0,1776,0,1776,-1776
1970-01-01,CNK27-N27,-2.75,3180,1114,2066,-952
1970-01-01,CNK27-N27,-2.5,4611,2387,2224,163
1970-01-01,CNK27-N27,-2.25,341,341,0,341
1970-01-01,CNK27-U27,23.75,11,4,7,-3
1970-01-01,CNK27-U27,24.0,16,10,6,4
1970-01-01,CNK27-U27,24.25,15,8,7,1
1970-01-01,CNK27-U27,24.5,5,2,3,-1
1970-01-01,CNK27-U27,24.75,39,22,17,5
1970-01-01,CNK27-U27,25.0,35,15,20,-5
1970-01-01,CNK27-U27,25.25,81,55,26,29
1970-01-01,CNK27-U27,25.5,213,159,54,105
1970-01-01,CNK27-U27,25.75,109,69,40,29
1970-01-01,CNK27-U27,26.0,9,5,4,1
1970-01-01,CNK27-Z27,19.75,8,0,8,-8
1970-01-01,CNK27-Z27,20.0,25,1,24,-23
1970-01-01,CNK27-Z27,20.25,10,2,8,-6
1970-01-01,CNK27-Z27,20.5,22,9,13,-4
1970-01-01,CNK27-Z27,20.75,24,20,4,16
1970-01-01,CNK27-Z27,21.0,32,8,24,-16
1970-01-01,CNK27-Z27,21.25,21,10,11,-1
1970-01-01,CNK27-Z27,21.5,19,18,1,17
1970-01-01,CNK27-Z27,21.75,12,8,4,4
1970-01-01,CNK27-Z27,22.0,49,27,22,5
1970-01-01,CNK27-Z27,22.25,21,18,3,15
1970-01-01,CNK27-Z27,22.5,11,0,11,-11
1970-01-01,CNN27-Z27,22.75,102,18,84,-66
1970-01-01,CNN27-Z27,23.0,184,34,150,-116
1970-01-01,CNN27-Z27,23.25,135,74,61,13
1970-01-01,CNN27-Z27,23.5,222,45,177,-132
1970-01-01,CNN27-Z27,23.75,448,306,142,164
1970-01-01,CNN27-Z27,24.0,192,93,99,-6
1970-01-01,CNN27-Z27,24.25,438,280,158,122
1970-01-01,CNN27-Z27,24.5,377,229,148,81
1970-01-01,CNN27-Z27,24.75,789,694,95,599
1970-01-01,CNN27-Z27,25.0,41,14,27,-13
1970-01-01,CNU27-Z27,-4.25,1,0,1,-1
1970-01-01,CNU27-Z27,-4.0,650,72,578,-506
1970-01-01,CNU27-Z27,-3.75,1252,855,397,458
1970-01-01,CNU27-Z27,-3.5,1255,953,302,651
1970-01-01,CNU27-Z27,-3.25,45,45,0,45
1970-01-01,CNZ26-H27,-14.5,9236,3965,5271,-1306
1970-01-01,CNZ26-H27,-14.25,14859,8213,6646,1567
1970-01-01,CNZ26-H27,-14.0,23005,9425,13580,-4155
1970-01-01,CNZ26-H27,-13.75,20308,14323,5985,8338
1970-01-01,CNZ26-H27,-13.5,75,75,0,75
1970-01-01,CNZ26-K27,-21.75,1,0,1,-1
1970-01-01,CNZ26-K27,-21.5,1971,325,1646,-1321
1970-01-01,CNZ26-K27,-21.25,1671,396,1275,-879
1970-01-01,CNZ26-K27,-21.0,3710,2430,1280,1150
1970-01-01,CNZ26-K27,-20.75,4376,2449,1927,522
1970-01-01,CNZ26-K27,-20.5,792,677,115,562
1970-01-01,CNZ26-K27,-20.25,2301,787,1514,-727
1970-01-01,CNZ26-K27,-20.0,652,388,264,124
1970-01-01,CNZ26-K27,-19.75,1,1,0,1
1970-01-01,CNZ26-N27,-24.25,11,0,11,-11
1970-01-01,CNZ26-N27,-24.0,3342,1674,1668,6
1970-01-01,CNZ26-N27,-23.75,1927,939,988,-49
1970-01-01,CNZ26-N27,-23.5,1588,649,939,-290
1970-01-01,CNZ26-N27,-23.25,1808,929,879,50
1970-01-01,CNZ26-N27,-23.0,1348,808,540,268
1970-01-01,CNZ26-N27,-22.75,2288,758,1530,-772
1970-01-01,CNZ26-N27,-22.5,775,469,306,163
1970-01-01,CNZ26-N27,-22.25,154,154,0,154
1970-01-01,CNZ26-U27,2.5,4,0,4,-4
1970-01-01,CNZ26-U27,2.75,42,25,17,8
1970-01-01,CNZ26-U27,3.0,57,14,43,-29
1970-01-01,CNZ26-U27,3.25,43,8,35,-27
1970-01-01,CNZ26-U27,3.5,17,13,4,9
1970-01-01,CNZ26-U27,3.75,54,30,24,6
1970-01-01,CNZ26-U27,4.0,59,38,21,17
1970-01-01,CNZ26-U27,4.25,43,25,18,7
1970-01-01,CNZ26-U27,4.5,80,53,27,26
1970-01-01,CNZ26-U27,4.75,202,88,114,-26
1970-01-01,CNZ26-U27,5.0,227,145,82,63
1970-01-01,CNZ26-U27,5.25,78,58,20,38
1970-01-01,CNZ26-U27,5.5,30,13,17,-4
1970-01-01,CNZ26-U27,5.75,2,2,0,2
1970-01-01,CNZ26-Z27,-1.5,256,0,256,-256
1970-01-01,CNZ26-Z27,-1.25,73,23,50,-27
1970-01-01,CNZ26-Z27,-1.0,815,266,549,-283
1970-01-01,CNZ26-Z27,-0.75,178,97,81,16
1970-01-01,CNZ26-Z27,-0.5,414,58,356,-298
1970-01-01,CNZ26-Z27,-0.25,106,58,48,10
1970-01-01,CNZ26-Z27,0.0,1268,201,1067,-866
1970-01-01,CNZ26-Z27,0.25,110,56,54,2
1970-01-01,CNZ26-Z27,0.5,160,72,88,-16
1970-01-01,CNZ26-Z27,0.75,761,104,657,-553
1970-01-01,CNZ26-Z27,1.0,454,116,338,-222
1970-01-01,CNZ26-Z27,1.25,1135,402,733,-331
1970-01-01,CNZ26-Z27,1.5,819,489,330,159
1970-01-01,CNZ26-Z27,1.75,116,79,37,42
1970-01-01,CNZ26-Z27,2.0,62,46,16,30
1970-01-01,KWH27-K27,-4.75,210,0,210,-210
1970-01-01,KWH27-K27,-4.5,380,287,93,194
1970-01-01,KWH27-K27,-4.25,107,2,105,-103
1970-01-01,KWH27-K27,-4.0,106,29,77,-48
1970-01-01,KWH27-K27,-3.75,231,17,214,-197
1970-01-01,KWH27-K27,-3.5,820,390,430,-40
1970-01-01,KWH27-K27,-3.25,897,525,372,153
1970-01-01,KWH27-K27,-3.0,210,167,43,124
1970-01-01,KWH27-N27,1.5,11,0,11,-11
1970-01-01,KWH27-N27,1.75,6,3,3,0
1970-01-01,KWH27-N27,2.0,38,1,37,-36
1970-01-01,KWH27-N27,2.25,13,12,1,11
1970-01-01,KWH27-N27,2.5,2,0,2,-2
1970-01-01,KWH27-N27,2.75,42,6,36,-30
1970-01-01,KWH27-N27,3.0,3,3,0,3
1970-01-01,KWH27-N27,3.25,3,3,0,3
1970-01-01,KWH27-N27,3.5,5,0,5,-5
1970-01-01,KWH27-N27,3.75,14,2,12,-10
1970-01-01,KWH27-N27,4.0,9,5,4,1
1970-01-01,KWH27-N27,4.25,17,12,5,7
1970-01-01,KWH27-N27,4.5,41,17,24,-7
1970-01-01,KWH27-N27,4.75,7,1,6,-5
1970-01-01,KWH27-N27,5.0,30,19,11,8
1970-01-01,KWH27-N27,5.25,46,35,11,24
1970-01-01,KWH27-N27,5.5,103,46,57,-11
1970-01-01,KWH27-N27,5.75,46,22,24,-2
1970-01-01,KWH27-N27,6.0,71,65,6,59
1970-01-01,KWH27-N27,6.25,49,39,10,29
1970-01-01,KWH27-N27,6.5,66,66,0,66
1970-01-01,KWH27-U27,-0.25,1,0,1,-1
1970-01-01,KWH27-U27,0.0,5,5,0,5
1970-01-01,KWH27-U27,0.25,4,2,2,0
1970-01-01,KWH27-U27,0.5,2,1,1,0
1970-01-01,KWH27-U27,0.75,1,1,0,1
1970-01-01,KWH27-U27,1.0,1,0,1,-1
1970-01-01,KWH27-U27,1.25,2,1,1,0
1970-01-01,KWH27-U27,1.5,7,6,1,5
1970-01-01,KWH27-U27,1.75,2,1,1,0
1970-01-01,KWH27-U27,2.25,2,0,2,-2
1970-01-01,KWH27-U27,2.5,1,0,1,-1
1970-01-01,KWH27-U27,2.75,9,4,5,-1
1970-01-01,KWH27-U27,3.0,1,1,0,1
1970-01-01,KWH27-U27,3.25,10,5,5,0
1970-01-01,KWH27-U27,3.5,9,6,3,3
1970-01-01,KWH27-U27,3.75,8,6,2,4
1970-01-01,KWH27-U27,4.0,6,4,2,2
1970-01-01,KWH27-U27,4.25,4,4,0,4
1970-01-01,KWH27-U27,4.5,9,6,3,3
1970-01-01,KWH27-U27,4.75,20,8,12,-4
1970-01-01,KWH27-U27,5.0,16,13,3,10
1970-01-01,KWH27-U27,5.25,11,4,7,-3
1970-01-01,KWH27-U27,5.5,12,9,3,6
1970-01-01,KWH27-U27,5.75,15,9,6,3
1970-01-01,KWH27-U27,6.0,1,1,0,1
1970-01-01,KWH27-Z27,-7.5,5,0,5,-5
1970-01-01,KWH27-Z27,-7.25,3,0,3,-3
1970-01-01,KWH27-Z27,-6.75,3,0,3,-3
1970-01-01,KWH27-Z27,-3.5,1,0,1,-1
1970-01-01,KWH27-Z27,-3.25,1,0,1,-1
1970-01-01,KWH27-Z27,-1.5,1,0,1,-1
1970-01-01,KWH27-Z27,-1.0,1,1,0,1
1970-01-01,KWK27-N27,6.5,51,0,51,-51
1970-01-01,KWK27-N27,6.75,89,44,45,-1
1970-01-01,KWK27-N27,7.0,34,3,31,-28
1970-01-01,KWK27-N27,7.25,49,5,44,-39
1970-01-01,KWK27-N27,7.5,308,46,262,-216
1970-01-01,KWK27-N27,7.75,103,80,23,57
1970-01-01,KWK27-N27,8.0,63,38,25,13
1970-01-01,KWK27-N27,8.25,199,112,87,25
1970-01-01,KWK27-N27,8.5,61,29,32,-3
1970-01-01,KWK27-N27,8.75,218,187,31,156
1970-01-01,KWK27-N27,9.0,368,143,225,-82
1970-01-01,KWK27-N27,9.25,489,303,186,117
1970-01-01,KWK27-N27,9.5,89,89,0,89
1970-01-01,KWK27-U27,4.75,3,0,3,-3
1970-01-01,KWK27-U27,5.0,6,4,2,2
1970-01-01,KWK27-U27,6.0,1,1,0,1
1970-01-01,KWK27-U27,6.25,9,6,3,3
1970-01-01,KWK27-U27,6.5,7,0,7,-7
1970-01-01,KWK27-U27,6.75,2,1,1,0
1970-01-01,KWK27-U27,7.0,2,2,0,2
1970-01-01,KWK27-U27,7.25,7,4,3,1
1970-01-01,KWK27-U27,7.5,8,6,2,4
1970-01-01,KWK27-U27,7.75,10,5,5,0
1970-01-01,KWK27-U27,8.0,6,3,3,0
1970-01-01,KWK27-U27,8.25,30,5,25,-20
1970-01-01,KWK27-U27,8.5,27,15,12,3
1970-01-01,KWK27-U27,8.75,9,4,5,-1
1970-01-01,KWK27-U27,9.0,9,6,3,3
1970-01-01,KWK27-U27,9.25,2,2,0,2
1970-01-01,KWK27-Z27,-2.25,2,0,2,-2
1970-01-01,KWK27-Z27,-2.0,3,0,3,-3
1970-01-01,KWK27-Z27,1.0,1,0,1,-1
1970-01-01,KWN27-U27,-1.75,32,0,32,-32
1970-01-01,KWN27-U27,-1.5,93,74,19,55
1970-01-01,KWN27-U27,-1.25,176,66,110,-44
1970-01-01,KWN27-U27,-1.0,223,128,95,33
1970-01-01,KWN27-U27,-0.75,71,26,45,-19
1970-01-01,KWN27-U27,-0.5,14,14,0,14
1970-01-01,KWN27-Z27,-9.25,3,0,3,-3
1970-01-01,KWN27-Z27,-9.0,11,0,11,-11
1970-01-01,KWN27-Z27,-8.75,9,0,9,-9
1970-01-01,KWN27-Z27,-8.5,4,0,4,-4
1970-01-01,KWN27-Z27,-8.25,4,0,4,-4
1970-01-01,KWN27-Z27,-8.0,3,1,2,-1
1970-01-01,KWN27-Z27,-7.75,8,1,7,-6
1970-01-01,KWN27-Z27,-7.5,6,0,6,-6
1970-01-01,KWN27-Z27,-7.25,5,0,5,-5
1970-01-01,KWN27-Z27,-7.0,9,4,5,-1
1970-01-01,KWN27-Z27,-6.75,6,0,6,-6
1970-01-01,KWU27-Z27,-7.5,3,0,3,-3
1970-01-01,KWU27-Z27,-7.25,13,6,7,-1
1970-01-01,KWU27-Z27,-7.0,135,3,132,-129
1970-01-01,KWU27-Z27,-6.75,53,28,25,3
1970-01-01,KWU27-Z27,-6.5,171,19,152,-133
1970-01-01,KWU27-Z27,-6.25,58,43,15,28
1970-01-01,KWU27-Z27,-6.0,20,12,8,4
1970-01-01,KWU27-Z27,-5.75,10,10,0,10
1970-01-01,KWZ26-H27,-14.0,1,0,1,-1
1970-01-01,KWZ26-H27,-13.75,1566,740,826,-86
1970-01-01,KWZ26-H27,-13.5,2210,929,1281,-352
1970-01-01,KWZ26-H27,-13.25,2040,1682,358,1324
1970-01-01,KWZ26-H27,-13.0,888,590,298,292
1970-01-01,KWZ26-H27,-12.75,1925,879,1046,-167
1970-01-01,KWZ26-H27,-12.5,1960,1453,507,946
1970-01-01,KWZ26-H27,-12.25,353,339,14,325
1970-01-01,KWZ26-H27,-12.0,18,18,0,18
1970-01-01,KWZ26-K27,-18.75,22,0,22,-22
1970-01-01,KWZ26-K27,-18.5,249,102,147,-45
1970-01-01,KWZ26-K27,-18.25,298,119,179,-60
1970-01-01,KWZ26-K27,-18.0,171,130,41,89
1970-01-01,KWZ26-K27,-17.75,105,69,36,33
1970-01-01,KWZ26-K27,-17.5,168,45,123,-78
1970-01-01,KWZ26-K27,-17.25,37,15,22,-7
1970-01-01,KWZ26-K27,-17.0,14,9,5,4
1970-01-01,KWZ26-K27,-16.75,49,13,36,-23
1970-01-01,KWZ26-K27,-16.5,198,57,141,-84
1970-01-01,KWZ26-K27,-16.25,304,155,149,6
1970-01-01,KWZ26-K27,-16.0,368,166,202,-36
1970-01-01,KWZ26-K27,-15.75,192,123,69,54
1970-01-01,KWZ26-K27,-15.5,48,33,15,18
1970-01-01,KWZ26-K27,-15.25,52,30,22,8
1970-01-01,KWZ26-K27,-15.0,2,2,0,2
1970-01-01,KWZ26-N27,-12.0,25,0,25,-25
1970-01-01,KWZ26-N27,-11.75,30,15,15,0
1970-01-01,KWZ26-N27,-11.5,32,18,14,4
1970-01-01,KWZ26-N27,-11.25,11,7,4,3
1970-01-01,KWZ26-N27,-11.0,50,5,45,-40
1970-01-01,KWZ26-N27,-10.75,24,9,15,-6
1970-01-01,KWZ26-N27,-10.5,15,14,1,13
1970-01-01,KWZ26-N27,-10.25,17,0,17,-17
1970-01-01,KWZ26-N27,-10.0,14,4,10,-6
1970-01-01,KWZ26-N27,-9.75,16,0,16,-16
1970-01-01,KWZ26-N27,-9.5,38,18,20,-2
1970-01-01,KWZ26-N27,-9.25,12,10,2,8
1970-01-01,KWZ26-N27,-9.0,10,4,6,-2
1970-01-01,KWZ26-N27,-8.75,15,13,2,11
1970-01-01,KWZ26-N27,-8.5,11,7,4,3
1970-01-01,KWZ26-N27,-8.25,6,4,2,2
1970-01-01,KWZ26-N27,-8.0,20,2,18,-16
1970-01-01,KWZ26-N27,-7.75,28,16,12,4
1970-01-01,KWZ26-N27,-7.5,50,28,22,6
1970-01-01,KWZ26-N27,-7.25,129,63,66,-3
1970-01-01,KWZ26-N27,-7.0,56,31,25,6
1970-01-01,KWZ26-N27,-6.75,106,79,27,52
1970-01-01,KWZ26-N27,-6.5,153,65,88,-23
1970-01-01,KWZ26-N27,-6.25,11,8,3,5
1970-01-01,KWZ26-N27,-6.0,41,14,27,-13
1970-01-01,KWZ26-U27,-12.5,2,1,1,0
1970-01-01,KWZ26-U27,-12.25,1,0,1,-1
1970-01-01,KWZ26-U27,-11.75,2,0,2,-2
1970-01-01,KWZ26-U27,-11.25,1,0,1,-1
1970-01-01,KWZ26-U27,-10.75,2,0,2,-2
1970-01-01,KWZ26-U27,-10.5,4,2,2,0
1970-01-01,KWZ26-U27,-10.25,4,3,1,2
1970-01-01,KWZ26-U27,-10.0,1,1,0,1
1970-01-01,KWZ26-U27,-9.5,2,0,2,-2
1970-01-01,KWZ26-U27,-9.25,2,0,2,-2
1970-01-01,KWZ26-U27,-9.0,2,0,2,-2
1970-01-01,KWZ26-U27,-8.75,1,0,1,-1
1970-01-01,KWZ26-U27,-8.5,11,5,6,-1
1970-01-01,KWZ26-U27,-8.25,7,5,2,3
1970-01-01,KWZ26-U27,-8.0,8,3,5,-2
1970-01-01,KWZ26-U27,-7.75,1,0,1,-1
1970-01-01,KWZ26-U27,-7.5,8,4,4,0
1970-01-01,KWZ26-U27,-7.25,3,2,1,1
1970-01-01,KWZ26-U27,-7.0,3,3,0,3
1970-01-01,KWZ26-U27,-6.75,1,1,0,1
1970-01-01,KWZ26-Z27,-21.25,1,0,1,-1
1970-01-01,SBF27-H27,-9.75,809,0,809,-809
1970-01-01,SBF27-H27,-9.5,4700,3204,1496,1708
1970-01-01,SBF27-H27,-9.25,4149,864,3285,-2421
1970-01-01,SBF27-H27,-9.0,2393,774,1619,-845
1970-01-01,SBF27-H27,-8.75,525,43,482,-439
1970-01-01,SBF27-H27,-8.5,1805,927,878,49
1970-01-01,SBF27-H27,-8.25,925,28,897,-869
1970-01-01,SBF27-H27,-8.0,1026,196,830,-634
1970-01-01,SBF27-H27,-7.75,818,505,313,192
1970-01-01,SBF27-H27,-7.5,73,73,0,73
1970-01-01,SBF27-K27,-17.0,6,0,6,-6
1970-01-01,SBF27-K27,-16.75,613,352,261,91
1970-01-01,SBF27-K27,-16.5,647,568,79,489
1970-01-01,SBF27-K27,-16.25,124,44,80,-36
1970-01-01,SBF27-K27,-16.0,134,58,76,-18
1970-01-01,SBF27-K27,-15.75,324,107,217,-110
1970-01-01,SBF27-K27,-15.5,223,169,54,115
1970-01-01,SBF27-K27,-15.25,194,102,92,10
1970-01-01,SBF27-K27,-15.0,7,7,0,7
1970-01-01,SBF27-K27,-14.75,29,2,27,-25
1970-01-01,SBF27-K27,-14.5,364,42,322,-280
1970-01-01,SBF27-K27,-14.25,338,173,165,8
1970-01-01,SBF27-K27,-14.0,358,179,179,0
1970-01-01,SBF27-K27,-13.75,218,117,101,16
1970-01-01,SBF27-K27,-13.5,26,24,2,22
1970-01-01,SBF27-N27,-21.0,289,0,289,-289
1970-01-01,SBF27-N27,-20.75,217,123,94,29
1970-01-01,SBF27-N27,-20.5,320,142,178,-36
1970-01-01,SBF27-N27,-20.25,154,45,109,-64
1970-01-01,SBF27-N27,-20.0,194,55,139,-84
1970-01-01,SBF27-N27,-19.75,23,14,9,5
1970-01-01,SBF27-N27,-19.5,26,0,26,-26
1970-01-01,SBF27-N27,-19.25,44,8,36,-28
1970-01-01,SBF27-N27,-19.0,157,107,50,57
1970-01-01,SBF27-N27,-18.75,212,170,42,128
1970-01-01,SBF27-N27,-18.5,120,76,44,32
1970-01-01,SBF27-N27,-18.25,2,2,0,2
1970-01-01,SBF27-N27,-18.0,47,21,26,-5
1970-01-01,SBF27-N27,-17.75,148,45,103,-58
1970-01-01,SBF27-N27,-17.5,209,99,110,-11
1970-01-01,SBF27-N27,-17.25,146,103,43,60
1970-01-01,SBF27-N27,-17.0,59,20,39,-19
1970-01-01,SBF27-N27,-16.75,61,42,19,23
1970-01-01,SBF27-N27,-16.5,43,36,7,29
1970-01-01,SBF27-N27,-16.25,1,1,0,1
1970-01-01,SBF27-Q27,-2.5,8,1,7,-6
1970-01-01,SBF27-Q27,-2.25,1,0,1,-1
1970-01-01,SBF27-Q27,-2.0,6,5,1,4
1970-01-01,SBF27-Q27,-1.75,11,8,3,5
1970-01-01,SBF27-Q27,-1.5,5,1,4,-3
1970-01-01,SBF27-Q27,-1.25,6,2,4,-2
1970-01-01,SBF27-Q27,-1.0,2,1,1,0
1970-01-01,SBF27-Q27,0.25,4,3,1,2
1970-01-01,SBF27-Q27,0.5,1,1,0,1
1970-01-01,SBF27-Q27,0.75,1,0,1,-1
1970-01-01,SBF27-Q27,1.0,2,0,2,-2
1970-01-01,SBF27-Q27,1.25,1,0,1,-1
1970-01-01,SBF27-Q27,1.5,17,6,11,-5
1970-01-01,SBF27-Q27,1.75,4,1,3,-2
1970-01-01,SBF27-Q27,2.0,5,3,2,1
1970-01-01,SBF27-Q27,2.25,1,0,1,-1
1970-01-01,SBF27-Q27,2.5,1,0,1,-1
1970-01-01,SBF27-Q27,2.75,4,2,2,0
1970-01-01,SBF27-Q27,3.0,3,3,0,3
1970-01-01,SBF27-Q27,3.25,2,2,0,2
1970-01-01,SBF27-U27,40.0,2,2,0,2
1970-01-01,SBF27-U27,40.25,4,4,0,4
1970-01-01,SBF27-U27,41.5,1,1,0,1
1970-01-01,SBF27-X27,54.0,6,4,2,2
1970-01-01,SBF27-X27,54.25,2,0,2,-2
1970-01-01,SBF27-X27,54.5,4,3,1,2
1970-01-01,SBF27-X27,54.75,4,1,3,-2
1970-01-01,SBF27-X27,55.0,2,1,1,0
1970-01-01,SBF27-X27,55.25,3,0,3,-3
1970-01-01,SBF27-X27,55.5,3,0,3,-3
1970-01-01,SBF27-X27,55.75,12,0,12,-12
1970-01-01,SBF27-X27,56.0,10,0,10,-10
1970-01-01,SBF27-X27,56.25,2,0,2,-2
1970-01-01,SBF27-X27,56.5,1,1,0,1
1970-01-01,SBF27-X27,56.75,2,0,2,-2
1970-01-01,SBF27-X27,57.0,6,4,2,2
1970-01-01,SBF27-X27,57.25,1,1,0,1
1970-01-01,SBF27-X27,57.5,2,1,1,0
1970-01-01,SBF27-X27,57.75,5,2,3,-1
1970-01-01,SBF27-X27,58.0,107,100,7,93
1970-01-01,SBF27-X27,58.25,2,1,1,0
1970-01-01,SBF27-X27,58.5,2,1,1,0
1970-01-01,SBF27-X27,60.25,1,1,0,1
1970-01-01,SBF27-X27,60.5,3,3,0,3
1970-01-01,SBF27-X27,60.75,2,2,0,2
1970-01-01,SBF27-X27,61.0,4,1,3,-2
1970-01-01,SBF27-X27,61.25,9,5,4,1
1970-01-01,SBF27-X27,61.5,7,3,4,-1
1970-01-01,SBF27-X27,61.75,4,3,1,2
1970-01-01,SBF27-X27,62.0,3,3,0,3
1970-01-01,SBF27-X27,62.5,2,2,0,2
1970-01-01,SBF27-X27,63.25,1,1,0,1
1970-01-01,SBF27-X27,63.5,1,0,1,-1
1970-01-01,SBF27-X27,63.75,1,1,0,1
1970-01-01,SBF27-X27,64.0,3,3,0,3
1970-01-01,SBF27-X27,64.25,3,3,0,3
1970-01-01,SBH27-K27,-7.25,560,179,381,-202
1970-01-01,SBH27-K27,-7.0,1868,641,1227,-586
1970-01-01,SBH27-K27,-6.75,725,146,579,-433
1970-01-01,SBH27-K27,-6.5,1250,971,279,692
1970-01-01,SBH27-K27,-6.25,1229,452,777,-325
1970-01-01,SBH27-K27,-6.0,1742,1175,567,608
1970-01-01,SBH27-K27,-5.75,774,774,0,774
1970-01-01,SBH27-N27,-11.5,119,0,119,-119
1970-01-01,SBH27-N27,-11.25,308,55,253,-198
1970-01-01,SBH27-N27,-11.0,282,148,134,14
1970-01-01,SBH27-N27,-10.75,347,156,191,-35
1970-01-01,SBH27-N27,-10.5,190,157,33,124
1970-01-01,SBH27-N27,-10.25,15,2,13,-11
1970-01-01,SBH27-N27,-10.0,139,38,101,-63
1970-01-01,SBH27-N27,-9.75,372,192,180,12
1970-01-01,SBH27-N27,-9.5,364,183,181,2
1970-01-01,SBH27-N27,-9.25,400,269,131,138
1970-01-01,SBH27-N27,-9.0,199,160,39,121
1970-01-01,SBH27-N27,-8.75,37,30,7,23
1970-01-01,SBH27-Q27,7.25,1,1,0,1
1970-01-01,SBH27-Q27,7.5,10,4,6,-2
1970-01-01,SBH27-Q27,7.75,10,7,3,4
1970-01-01,SBH27-Q27,8.0,12,9,3,6
1970-01-01,SBH27-Q27,8.25,5,3,2,1
1970-01-01,SBH27-Q27,8.5,2,1,1,0
1970-01-01,SBH27-Q27,8.75,5,5,0,5
1970-01-01,SBH27-Q27,9.0,1,0,1,-1
1970-01-01,SBH27-Q27,9.5,2,1,1,0
1970-01-01,SBH27-Q27,9.75,10,3,7,-4
1970-01-01,SBH27-Q27,10.0,13,11,2,9
1970-01-01,SBH27-Q27,10.25,1,0,1,-1
1970-01-01,SBH27-Q27,10.5,1,0,1,-1
1970-01-01,SBH27-Q27,10.75,3,2,1,1
1970-01-01,SBH27-Q27,11.0,1,1,0,1
1970-01-01,SBH27-Q27,11.25,2,2,0,2
1970-01-01,SBH27-U27,48.25,1,0,1,-1
1970-01-01,SBH27-U27,49.5,5,5,0,5
1970-01-01,SBH27-U27,49.75,4,4,0,4
1970-01-01,SBH27-U27,50.25,1,0,1,-1
1970-01-01,SBH27-U27,50.5,1,0,1,-1
1970-01-01,SBH27-U27,51.25,1,0,1,-1
1970-01-01,SBH27-U27,51.75,2,1,1,0
1970-01-01,SBH27-U27,52.25,1,1,0,1
1970-01-01,SBH27-U27,52.75,3,3,0,3
1970-01-01,SBH27-U27,53.25,3,2,1,1
1970-01-01,SBH27-X27,64.0,3,3,0,3
1970-01-01,SBH27-X27,64.25,1,0,1,-1
1970-01-01,SBH27-X27,65.0,3,0,3,-3
1970-01-01,SBH27-X27,65.25,3,0,3,-3
1970-01-01,SBH27-X27,65.5,2,0,2,-2
1970-01-01,SBH27-X27,65.75,1,0,1,-1
1970-01-01,SBH27-X27,66.0,1,1,0,1
1970-01-01,SBH27-X27,66.25,1,1,0,1
1970-01-01,SBH27-X27,66.5,1,0,1,-1
1970-01-01,SBH27-X27,67.0,2,1,1,0
1970-01-01,SBH27-X27,67.25,13,12,1,11
1970-01-01,SBH27-X27,67.5,2,0,2,-2
1970-01-01,SBH27-X27,67.75,4,4,0,4
1970-01-01,SBH27-X27,68.0,5,3,2,1
1970-01-01,SBH27-X27,68.5,6,0,6,-6
1970-01-01,SBH27-X27,69.0,1,0,1,-1
1970-01-01,SBH27-X27,69.25,5,1,4,-3
1970-01-01,SBH27-X27,69.5,2,1,1,0
1970-01-01,SBH27-X27,69.75,1,0,1,-1
1970-01-01,SBH27-X27,70.0,1,1,0,1
1970-01-01,SBH27-X27,70.25,1,0,1,-1
1970-01-01,SBH27-X27,71.5,6,6,0,6
1970-01-01,SBH27-X27,71.75,4,4,0,4
1970-01-01,SBH27-X27,72.0,2,2,0,2
1970-01-01,SBK27-N27,-4.25,35,0,35,-35
1970-01-01,SBK27-N27,-4.0,1581,909,672,237
1970-01-01,SBK27-N27,-3.75,973,537,436,101
1970-01-01,SBK27-N27,-3.5,1908,54,1854,-1800
1970-01-01,SBK27-N27,-3.25,1688,941,747,194
1970-01-01,SBK27-N27,-3.0,781,732,49,683
1970-01-01,SBK27-N27,-2.75,2,2,0,2
1970-01-01,SBK27-Q27,14.25,1,0,1,-1
1970-01-01,SBK27-Q27,14.5,8,0,8,-8
1970-01-01,SBK27-Q27,14.75,20,5,15,-10
1970-01-01,SBK27-Q27,15.0,8,4,4,0
1970-01-01,SBK27-Q27,15.25,3,1,2,-1
1970-01-01,SBK27-Q27,15.5,9,4,5,-1
1970-01-01,SBK27-Q27,15.75,14,4,10,-6
1970-01-01,SBK27-Q27,16.0,27,14,13,1
1970-01-01,SBK27-Q27,16.25,12,10,2,8
1970-01-01,SBK27-Q27,16.5,32,12,20,-8
1970-01-01,SBK27-Q27,16.75,12,8,4,4
1970-01-01,SBK27-Q27,17.0,1,1,0,1
1970-01-01,SBK27-U27,56.75,1,1,0,1
1970-01-01,SBK27-U27,57.5,2,0,2,-2
1970-01-01,SBK27-U27,57.75,2,1,1,0
1970-01-01,SBK27-U27,58.75,2,2,0,2
1970-01-01,SBK27-U27,59.0,1,1,0,1
1970-01-01,SBK27-U27,59.25,1,0,1,-1
1970-01-01,SBK27-U27,60.75,1,0,1,-1
1970-01-01,SBK27-X27,71.0,2,0,2,-2
1970-01-01,SBK27-X27,72.25,14,0,14,-14
1970-01-01,SBK27-X27,72.5,16,1,15,-14
1970-01-01,SBK27-X27,73.0,8,1,7,-6
1970-01-01,SBK27-X27,73.75,1,1,0,1
1970-01-01,SBK27-X27,74.0,4,2,2,0
1970-01-01,SBK27-X27,74.25,2,2,0,2
1970-01-01,SBK27-X27,74.5,5,4,1,3
1970-01-01,SBK27-X27,74.75,4,2,2,0
1970-01-01,SBK27-X27,75.0,4,2,2,0
1970-01-01,SBK27-X27,75.25,4,0,4,-4
1970-01-01,SBK27-X27,75.5,11,0,11,-11
1970-01-01,SBK27-X27,75.75,3,0,3,-3
1970-01-01,SBK27-X27,76.0,3,3,0,3
1970-01-01,SBK27-X27,76.25,2,0,2,-2
1970-01-01,SBK27-X27,76.5,1,0,1,-1
1970-01-01,SBK27-X27,77.0,2,2,0,2
1970-01-01,SBK27-X27,77.25,1,1,0,1
1970-01-01,SBN27-Q27,18.0,23,0,23,-23
1970-01-01,SBN27-Q27,18.25,27,20,7,13
1970-01-01,SBN27-Q27,18.5,194,76,118,-42
1970-01-01,SBN27-Q27,18.75,107,102,5,97
1970-01-01,SBN27-Q27,19.0,100,11,89,-78
1970-01-01,SBN27-Q27,19.25,100,67,33,34
1970-01-01,SBN27-Q27,19.5,74,29,45,-16
1970-01-01,SBN27-Q27,19.75,113,56,57,-1
1970-01-01,SBN27-Q27,20.0,16,14,2,12
1970-01-01,SBN27-Q27,20.25,3,3,0,3
1970-01-01,SBN27-U27,60.5,12,10,2,8
1970-01-01,SBN27-U27,61.0,5,1,4,-3
1970-01-01,SBN27-U27,61.75,1,0,1,-1
1970-01-01,SBN27-U27,62.0,1,0,1,-1
1970-01-01,SBN27-U27,62.25,3,1,2,-1
1970-01-01,SBN27-U27,62.5,7,4,3,1
1970-01-01,SBN27-U27,62.75,6,3,3,0
1970-01-01,SBN27-U27,63.25,6,2,4,-2
1970-01-01,SBN27-U27,63.5,4,2,2,0
1970-01-01,SBN27-U27,63.75,3,1,2,-1
1970-01-01,SBN27-X27,74.25,1,0,1,-1
1970-01-01,SBN27-X27,74.5,3,3,0,3
1970-01-01,SBN27-X27,74.75,17,6,11,-5
1970-01-01,SBN27-X27,75.0,147,56,91,-35
1970-01-01,SBN27-X27,75.25,45,29,16,13
1970-01-01,SBN27-X27,75.5,107,30,77,-47
1970-01-01,SBN27-X27,75.75,47,34,13,21
1970-01-01,SBN27-X27,76.0,105,2,103,-101
1970-01-01,SBN27-X27,76.25,119,1,118,-117
1970-01-01,SBN27-X27,76.5,343,144,199,-55
1970-01-01,SBN27-X27,76.75,368,96,272,-176
1970-01-01,SBN27-X27,77.0,470,72,398,-326
1970-01-01,SBN27-X27,77.25,43,27,16,11
1970-01-01,SBN27-X27,77.5,63,20,43,-23
1970-01-01,SBN27-X27,77.75,114,50,64,-14
1970-01-01,SBN27-X27,78.0,304,117,187,-70
1970-01-01,SBN27-X27,78.25,86,37,49,-12
1970-01-01,SBN27-X27,78.5,111,56,55,1
1970-01-01,SBN27-X27,78.75,636,79,557,-478
1970-01-01,SBN27-X27,79.0,287,128,159,-31
1970-01-01,SBN27-X27,79.25,143,69,74,-5
1970-01-01,SBN27-X27,79.5,71,44,27,17
1970-01-01,SBN27-X27,79.75,54,32,22,10
1970-01-01,SBN27-X27,80.0,60,37,23,14
1970-01-01,SBN27-X27,80.25,27,11,16,-5
1970-01-01,SBN27-X27,80.5,17,13,4,9
1970-01-01,SBN27-X27,80.75,1,1,0,1
1970-01-01,SBN27-X27,81.0,2,2,0,2
1970-01-01,SBQ27-U27,41.5,20,0,20,-20
1970-01-01,SBQ27-U27,41.75,42,0,42,-42
1970-01-01,SBQ27-U27,42.0,36,25,11,14
1970-01-01,SBQ27-U27,42.25,49,30,19,11
1970-01-01,SBQ27-U27,42.5,54,6,48,-42
1970-01-01,SBQ27-U27,42.75,9,3,6,-3
1970-01-01,SBQ27-U27,43.0,26,10,16,-6
1970-01-01,SBQ27-U27,43.25,111,24,87,-63
1970-01-01,SBQ27-U27,43.5,20,19,1,18
1970-01-01,SBQ27-U27,43.75,24,5,19,-14
1970-01-01,SBQ27-U27,44.0,31,31,0,31
1970-01-01,SBQ27-X27,56.25,2,0,2,-2
1970-01-01,SBQ27-X27,56.5,2,1,1,0
1970-01-01,SBQ27-X27,56.75,2,2,0,2
1970-01-01,SBQ27-X27,57.0,3,0,3,-3
1970-01-01,SBQ27-X27,57.5,2,1,1,0
1970-01-01,SBQ27-X27,57.75,13,0,13,-13
1970-01-01,SBQ27-X27,58.0,1,0,1,-1
1970-01-01,SBQ27-X27,58.25,7,6,1,5
1970-01-01,SBQ27-X27,58.75,2,2,0,2
1970-01-01,SBQ27-X27,59.0,2,0,2,-2
1970-01-01,SBQ27-X27,59.25,5,1,4,-3
1970-01-01,SBQ27-X27,59.5,4,1,3,-2
1970-01-01,SBQ27-X27,59.75,6,4,2,2
1970-01-01,SBQ27-X27,60.0,5,0,5,-5
1970-01-01,SBQ27-X27,60.5,1,1,0,1
1970-01-01,SBU27-X27,14.25,78,0,78,-78
1970-01-01,SBU27-X27,14.5,152,32,120,-88
1970-01-01,SBU27-X27,14.75,149,35,114,-79
1970-01-01,SBU27-X27,15.0,38,19,19,0
1970-01-01,SBU27-X27,15.25,11,11,0,11
1970-01-01,SBU27-X27,15.5,114,102,12,90
1970-01-01,SBU27-X27,15.75,93,10,83,-73
1970-01-01,SBU27-X27,16.0,84,44,40,4
1970-01-01,SBU27-X27,16.25,143,115,28,87
1970-01-01,SBU27-X27,16.5,43,29,14,15
1970-01-01,SBU27-X27,16.75,7,7,0,7
1970-01-01,SBX26-F27,-17.5,178,0,178,-178
1970-01-01,SBX26-F27,-17.25,14485,2237,12248,-10011
1970-01-01,SBX26-F27,-17.0,22494,10202,12292,-2090
1970-01-01,SBX26-F27,-16.75,8719,3726,4993,-1267
1970-01-01,SBX26-F27,-16.5,4300,4275,25,4250
1970-01-01,SBX26-H27,-27.25,5,0,5,-5
1970-01-01,SBX26-H27,-27.0,520,64,456,-392
1970-01-01,SBX26-H27,-26.75,1770,501,1269,-768
1970-01-01,SBX26-H27,-26.5,4119,2352,1767,585
1970-01-01,SBX26-H27,-26.25,3282,1442,1840,-398
1970-01-01,SBX26-H27,-26.0,1987,1194,793,401
1970-01-01,SBX26-H27,-25.75,152,13,139,-126
1970-01-01,SBX26-H27,-25.5,2077,293,1784,-1491
1970-01-01,SBX26-H27,-25.25,648,60,588,-528
1970-01-01,SBX26-H27,-25.0,1768,1095,673,422
1970-01-01,SBX26-H27,-24.75,523,40,483,-443
1970-01-01,SBX26-H27,-24.5,2751,1438,1313,125
1970-01-01,SBX26-H27,-24.25,1228,664,564,100
1970-01-01,SBX26-H27,-24.0,19,19,0,19
1970-01-01,SBX26-K27,-34.0,206,15,191,-176
1970-01-01,SBX26-K27,-33.75,705,363,342,21
1970-01-01,SBX26-K27,-33.5,308,174,134,40
1970-01-01,SBX26-K27,-33.25,171,119,52,67
1970-01-01,SBX26-K27,-33.0,150,26,124,-98
1970-01-01,SBX26-K27,-32.75,400,235,165,70
1970-01-01,SBX26-K27,-32.5,304,142,162,-20
1970-01-01,SBX26-K27,-32.25,156,147,9,138
1970-01-01,SBX26-K27,-32.0,3,0,3,-3
1970-01-01,SBX26-K27,-31.75,108,15,93,-78
1970-01-01,SBX26-K27,-31.5,142,53,89,-36
1970-01-01,SBX26-K27,-31.25,306,153,153,0
1970-01-01,SBX26-K27,-31.0,422,203,219,-16
1970-01-01,SBX26-K27,-30.75,397,202,195,7
1970-01-01,SBX26-K27,-30.5,202,124,78,46
1970-01-01,SBX26-K27,-30.25,174,139,35,104
1970-01-01,SBX26-K27,-30.0,90,83,7,76
1970-01-01,SBX26-N27,-38.0,298,150,148,2
1970-01-01,SBX26-N27,-37.75,837,296,541,-245
1970-01-01,SBX26-N27,-37.5,661,377,284,93
1970-01-01,SBX26-N27,-37.25,700,424,276,148
1970-01-01,SBX26-N27,-37.0,183,124,59,65
1970-01-01,SBX26-N27,-36.75,60,26,34,-8
1970-01-01,SBX26-N27,-36.5,158,59,99,-40
1970-01-01,SBX26-N27,-36.25,226,49,177,-128
1970-01-01,SBX26-N27,-36.0,543,304,239,65
1970-01-01,SBX26-N27,-35.75,489,176,313,-137
1970-01-01,SBX26-N27,-35.5,71,60,11,49
1970-01-01,SBX26-N27,-35.25,55,14,41,-27
1970-01-01,SBX26-N27,-35.0,83,37,46,-9
1970-01-01,SBX26-N27,-34.75,231,32,199,-167
1970-01-01,SBX26-N27,-34.5,244,165,79,86
1970-01-01,SBX26-N27,-34.25,207,138,69,69
1970-01-01,SBX26-N27,-34.0,167,87,80,7
1970-01-01,SBX26-N27,-33.75,198,123,75,48
1970-01-01,SBX26-N27,-33.5,162,94,68,26
1970-01-01,SBX26-N27,-33.25,106,85,21,64
1970-01-01,SBX26-N27,-33.0,42,36,6,30
1970-01-01,SBX26-Q27,-19.75,1,1,0,1
1970-01-01,SBX26-Q27,-19.5,5,0,5,-5
1970-01-01,SBX26-Q27,-19.25,14,5,9,-4
1970-01-01,SBX26-Q27,-19.0,10,8,2,6
1970-01-01,SBX26-Q27,-18.75,11,6,5,1
1970-01-01,SBX26-Q27,-18.5,51,11,40,-29
1970-01-01,SBX26-Q27,-18.25,28,27,1,26
1970-01-01,SBX26-Q27,-18.0,31,18,13,5
1970-01-01,SBX26-Q27,-17.75,3,1,2,-1
1970-01-01,SBX26-Q27,-17.5,2,2,0,2
1970-01-01,SBX26-Q27,-17.25,1,0,1,-1
1970-01-01,SBX26-Q27,-17.0,1,0,1,-1
1970-01-01,SBX26-Q27,-16.75,2,1,1,0
1970-01-01,SBX26-Q27,-16.5,9,1,8,-7
1970-01-01,SBX26-Q27,-16.25,13,12,1,11
1970-01-01,SBX26-Q27,-16.0,3,3,0,3
1970-01-01,SBX26-Q27,-15.5,9,2,7,-5
1970-01-01,SBX26-Q27,-15.25,6,0,6,-6
1970-01-01,SBX26-Q27,-15.0,12,3,9,-6
1970-01-01,SBX26-Q27,-14.75,12,8,4,4
1970-01-01,SBX26-Q27,-14.5,13,7,6,1
1970-01-01,SBX26-Q27,-14.25,25,24,1,23
1970-01-01,SBX26-Q27,-14.0,21,7,14,-7
1970-01-01,SBX26-Q27,-13.75,17,10,7,3
1970-01-01,SBX26-Q27,-13.5,6,2,4,-2
1970-01-01,SBX26-Q27,-13.25,1,1,0,1
1970-01-01,SBX26-Q27,-13.0,2,2,0,2
1970-01-01,SBX26-U27,29.5,1,1,0,1
1970-01-01,SBX26-U27,31.5,1,1,0,1
1970-01-01,SBX26-X27,36.25,2,1,1,0
1970-01-01,SBX26-X27,36.5,3,3,0,3
1970-01-01,SBX26-X27,36.75,11,8,3,5
1970-01-01,SBX26-X27,37.0,29,2,27,-25
1970-01-01,SBX26-X27,37.25,21,18,3,15
1970-01-01,SBX26-X27,37.5,22,16,6,10
1970-01-01,SBX26-X27,37.75,37,31,6,25
1970-01-01,SBX26-X27,38.0,22,20,2,18
1970-01-01,SBX26-X27,38.25,67,17,50,-33
1970-01-01,SBX26-X27,38.5,18,3,15,-12
1970-01-01,SBX26-X27,38.75,44,12,32,-20
1970-01-01,SBX26-X27,39.0,141,91,50,41
1970-01-01,SBX26-X27,39.25,12,10,2,8
1970-01-01,SBX26-X27,39.5,14,12,2,10
1970-01-01,SBX26-X27,39.75,16,13,3,10
1970-01-01,SBX26-X27,40.0,17,4,13,-9
1970-01-01,SBX26-X27,40.25,31,10,21,-11
1970-01-01,SBX26-X27,40.5,13,10,3,7
1970-01-01,SBX26-X27,40.75,15,9,6,3
1970-01-01,SBX26-X27,41.0,20,11,9,2
1970-01-01,SBX26-X27,41.25,13,10,3,7
1970-01-01,SBX26-X27,41.75,6,6,0,6
1970-01-01,SBX26-X27,42.0,5,0,5,-5
1970-01-01,SBX26-X27,42.25,4,0,4,-4
1970-01-01,SBX26-X27,42.5,6,0,6,-6
1970-01-01,SBX26-X27,42.75,14,10,4,6
1970-01-01,SBX26-X27,43.0,20,5,15,-10
1970-01-01,SBX26-X27,43.25,68,15,53,-38
1970-01-01,SBX26-X27,43.5,46,32,14,18
1970-01-01,SBX26-X27,43.75,75,29,46,-17
1970-01-01,SBX26-X27,44.0,55,25,30,-5
1970-01-01,SBX26-X27,44.25,86,38,48,-10
1970-01-01,SBX26-X27,44.5,31,21,10,11
1970-01-01,SBX26-X27,44.75,28,23,5,18
1970-01-01,SBX26-X27,45.0,22,19,3,16
1970-01-01,SBX26-X27,45.25,9,9,0,9
1970-01-01,SBX26-X27,45.5,2,1,1,0
1970-01-01,SBX26-X27,45.75,3,2,1,1
1970-01-01,SBX26-X27,46.0,11,7,4,3
1970-01-01,SBX26-X27,46.25,2,0,2,-2
1970-01-01,SBX26-X27,46.5,3,1,2,-1
1970-01-01,SBX26-X27,46.75,1,1,0,1
1970-01-01,SBX26-X27,47.0,2,2,0,2
1970-01-01,SBX26-X27,47.75,10,10,0,10
1970-01-01,SBX26-X27,48.0,4,3,1,2
1970-01-01,SMF27-H27,-1.5,82,0,82,-82
1970-01-01,SMF27-H27,-1.4,760,185,575,-390
1970-01-01,SMF27-H27,-1.3,1578,601,977,-376
1970-01-01,SMF27-H27,-1.2,839,523,316,207
1970-01-01,SMF27-H27,-1.1,697,532,165,367
1970-01-01,SMF27-H27,-1.0,953,413,540,-127
1970-01-01,SMF27-H27,-0.9,190,37,153,-116
1970-01-01,SMF27-H27,-0.8,50,9,41,-32
1970-01-01,SMF27-H27,-0.7,94,56,38,18
1970-01-01,SMF27-H27,-0.6,19,8,11,-3
1970-01-01,SMF27-H27,-0.5,86,19,67,-48
1970-01-01,SMF27-H27,-0.4,180,0,180,-180
1970-01-01,SMF27-H27,-0.3,146,112,34,78
1970-01-01,SMF27-H27,-0.2,50,6,44,-38
1970-01-01,SMF27-H27,-0.1,172,146,26,120
1970-01-01,SMF27-H27,0.0,156,1,155,-154
1970-01-01,SMF27-H27,0.1,492,152,340,-188
1970-01-01,SMF27-H27,0.2,657,517,140,377
1970-01-01,SMF27-H27,0.3,867,394,473,-79
1970-01-01,SMF27-H27,0.4,1122,603,519,84
1970-01-01,SMF27-H27,0.5,1583,485,1098,-613
1970-01-01,SMF27-H27,0.6,2177,1317,860,457
1970-01-01,SMF27-H27,0.7,1421,547,874,-327
1970-01-01,SMF27-H27,0.8,1243,787,456,331
1970-01-01,SMF27-H27,0.9,81,81,0,81
1970-01-01,SMF27-K27,-2.5,53,8,45,-37
1970-01-01,SMF27-K27,-2.4,14,6,8,-2
1970-01-01,SMF27-K27,-2.3,27,18,9,9
1970-01-01,SMF27-K27,-2.2,45,16,29,-13
1970-01-01,SMF27-K27,-2.1,82,45,37,8
1970-01-01,SMF27-K27,-2.0,58,35,23,12
1970-01-01,SMF27-K27,-1.9,80,36,44,-8
1970-01-01,SMF27-K27,-1.8,37,11,26,-15
1970-01-01,SMF27-K27,-1.7,50,38,12,26
1970-01-01,SMF27-K27,-1.6,80,32,48,-16
1970-01-01,SMF27-K27,-1.5,108,79,29,50
1970-01-01,SMF27-K27,-1.4,20,2,18,-16
1970-01-01,SMF27-K27,-1.3,3,3,0,3
1970-01-01,SMF27-K27,-1.2,16,8,8,0
1970-01-01,SMF27-K27,-1.1,1,0,1,-1
1970-01-01,SMF27-K27,-1.0,39,21,18,3
1970-01-01,SMF27-K27,-0.9,28,4,24,-20
1970-01-01,SMF27-K27,-0.6,6,6,0,6
1970-01-01,SMF27-K27,-0.5,1,1,0,1
1970-01-01,SMF27-K27,-0.4,16,0,16,-16
1970-01-01,SMF27-K27,-0.3,4,3,1,2
1970-01-01,SMF27-K27,-0.2,24,6,18,-12
1970-01-01,SMF27-K27,-0.1,6,4,2,2
1970-01-01,SMF27-K27,0.0,109,95,14,81
1970-01-01,SMF27-K27,0.1,112,50,62,-12
1970-01-01,SMF27-K27,0.2,98,62,36,26
1970-01-01,SMF27-K27,0.3,50,44,6,38
1970-01-01,SMF27-K27,0.4,44,28,16,12
1970-01-01,SMF27-K27,0.5,59,26,33,-7
1970-01-01,SMF27-K27,0.6,16,11,5,6
1970-01-01,SMF27-K27,0.7,74,28,46,-18
1970-01-01,SMF27-K27,0.8,107,52,55,-3
1970-01-01,SMF27-K27,0.9,176,124,52,72
1970-01-01,SMF27-K27,1.0,87,44,43,1
1970-01-01,SMF27-K27,1.1,122,31,91,-60
1970-01-01,SMF27-K27,1.2,101,41,60,-19
1970-01-01,SMF27-K27,1.3,44,44,0,44
1970-01-01,SMF27-N27,-4.0,3,1,2,-1
1970-01-01,SMF27-N27,-3.9,17,5,12,-7
1970-01-01,SMF27-N27,-3.8,19,2,17,-15
1970-01-01,SMF27-N27,-3.7,19,1,18,-17
1970-01-01,SMF27-N27,-3.6,23,3,20,-17
1970-01-01,SMF27-N27,-3.5,22,5,17,-12
1970-01-01,SMF27-N27,-3.4,4,2,2,0
1970-01-01,SMF27-N27,-3.3,20,12,8,4
1970-01-01,SMF27-N27,-3.2,17,11,6,5
1970-01-01,SMF27-N27,-3.1,56,32,24,8
1970-01-01,SMF27-N27,-3.0,124,47,77,-30
1970-01-01,SMF27-N27,-2.9,15,6,9,-3
1970-01-01,SMF27-N27,-2.8,5,4,1,3
1970-01-01,SMF27-N27,-2.7,8,3,5,-2
1970-01-01,SMF27-N27,-2.6,68,6,62,-56
1970-01-01,SMF27-N27,-2.5,30,25,5,20
1970-01-01,SMF27-N27,-2.4,4,3,1,2
1970-01-01,SMF27-N27,-2.3,2,2,0,2
1970-01-01,SMF27-N27,-1.9,1,0,1,-1
1970-01-01,SMF27-N27,-1.8,2,1,1,0
1970-01-01,SMF27-N27,-1.7,11,4,7,-3
1970-01-01,SMF27-N27,-1.6,4,3,1,2
1970-01-01,SMF27-N27,-1.5,2,0,2,-2
1970-01-01,SMF27-N27,-1.4,7,7,0,7
1970-01-01,SMF27-N27,-1.3,4,2,2,0
1970-01-01,SMF27-N27,-1.2,14,4,10,-6
1970-01-01,SMF27-N27,-1.1,12,8,4,4
1970-01-01,SMF27-N27,-1.0,44,28,16,12
1970-01-01,SMF27-N27,-0.9,51,38,13,25
1970-01-01,SMF27-N27,-0.8,42,19,23,-4
1970-01-01,SMF27-N27,-0.7,41,19,22,-3
1970-01-01,SMF27-N27,-0.6,56,46,10,36
1970-01-01,SMF27-N27,-0.5,27,21,6,15
1970-01-01,SMF27-N27,-0.4,37,24,13,11
1970-01-01,SMF27-N27,-0.3,46,16,30,-14
1970-01-01,SMF27-N27,-0.2,22,6,16,-10
1970-01-01,SMF27-N27,-0.1,11,8,3,5
1970-01-01,SMF27-N27,0.0,16,6,10,-4
1970-01-01,SMF27-N27,0.1,49,24,25,-1
1970-01-01,SMF27-N27,0.2,14,4,10,-6
1970-01-01,SMF27-N27,0.3,45,16,29,-13
1970-01-01,SMF27-N27,0.4,90,31,59,-28
1970-01-01,SMF27-N27,0.5,28,15,13,2
1970-01-01,SMF27-N27,0.6,27,14,13,1
1970-01-01,SMF27-N27,0.7,36,4,32,-28
1970-01-01,SMF27-N27,0.8,4,4,0,4
1970-01-01,SMF27-Q27,0.1,1,1,0,1
1970-01-01,SMF27-Q27,0.3,1,0,1,-1
1970-01-01,SMF27-Q27,0.6,1,0,1,-1
1970-01-01,SMF27-Q27,0.7,1,1,0,1
1970-01-01,SMF27-Q27,1.0,1,0,1,-1
1970-01-01,SMF27-Q27,1.3,1,1,0,1
1970-01-01,SMF27-Q27,1.4,1,1,0,1
1970-01-01,SMF27-Q27,1.8,1,0,1,-1
1970-01-01,SMF27-Q27,1.9,1,1,0,1
1970-01-01,SMF27-Q27,2.8,1,1,0,1
1970-01-01,SMF27-Q27,3.0,1,0,1,-1
1970-01-01,SMF27-Q27,3.1,2,2,0,2
1970-01-01,SMF27-Q27,3.2,1,1,0,1
1970-01-01,SMF27-Q27,3.3,2,0,2,-2
1970-01-01,SMF27-Q27,3.5,4,3,1,2
1970-01-01,SMF27-Q27,3.6,4,2,2,0
1970-01-01,SMF27-Q27,3.7,5,5,0,5
1970-01-01,SMF27-Q27,3.8,2,1,1,0
1970-01-01,SMF27-Q27,3.9,1,1,0,1
1970-01-01,SMF27-Q27,4.0,1,1,0,1
1970-01-01,SMF27-Q27,4.1,3,3,0,3
1970-01-01,SMF27-Q27,4.2,1,0,1,-1
1970-01-01,SMF27-Q27,4.3,8,1,7,-6
1970-01-01,SMF27-Q27,4.4,3,3,0,3
1970-01-01,SMF27-Q27,4.5,1,1,0,1
1970-01-01,SMF27-Q27,4.6,2,1,1,0
1970-01-01,SMF27-Q27,4.7,5,2,3,-1
1970-01-01,SMF27-Q27,4.8,3,0,3,-3
1970-01-01,SMF27-Q27,5.1,1,1,0,1
1970-01-01,SMF27-U27,10.2,2,2,0,2
1970-01-01,SMF27-Z27,15.0,35,35,0,35
1970-01-01,SMF27-Z27,15.5,20,20,0,20
1970-01-01,SMH27-K27,-1.0,180,113,67,46
1970-01-01,SMH27-K27,-0.9,193,140,53,87
1970-01-01,SMH27-K27,-0.8,119,57,62,-5
1970-01-01,SMH27-K27,-0.7,587,282,305,-23
1970-01-01,SMH27-K27,-0.6,1147,800,347,453
1970-01-01,SMH27-K27,-0.5,162,112,50,62
1970-01-01,SMH27-K27,-0.4,27,2,25,-23
1970-01-01,SMH27-K27,-0.3,68,10,58,-48
1970-01-01,SMH27-K27,-0.2,701,303,398,-95
1970-01-01,SMH27-K27,-0.1,757,531,226,305
1970-01-01,SMH27-K27,0.0,668,258,410,-152
1970-01-01,SMH27-K27,0.1,253,113,140,-27
1970-01-01,SMH27-K27,0.2,678,299,379,-80
1970-01-01,SMH27-K27,0.3,992,653,339,314
1970-01-01,SMH27-K27,0.4,212,161,51,110
1970-01-01,SMH27-K27,0.5,1,1,0,1
1970-01-01,SMH27-N27,-2.5,4,3,1,2
1970-01-01,SMH27-N27,-2.4,65,47,18,29
1970-01-01,SMH27-N27,-2.3,8,4,4,0
1970-01-01,SMH27-N27,-2.2,31,27,4,23
1970-01-01,SMH27-N27,-2.1,37,20,17,3
1970-01-01,SMH27-N27,-2.0,14,7,7,0
1970-01-01,SMH27-N27,-1.9,31,30,1,29
1970-01-01,SMH27-N27,-1.8,84,44,40,4
1970-01-01,SMH27-N27,-1.7,281,181,100,81
1970-01-01,SMH27-N27,-1.6,67,47,20,27
1970-01-01,SMH27-N27,-1.5,21,17,4,13
1970-01-01,SMH27-N27,-1.3,9,1,8,-7
1970-01-01,SMH27-N27,-1.2,36,23,13,10
1970-01-01,SMH27-N27,-1.1,180,120,60,60
1970-01-01,SMH27-N27,-1.0,111,68,43,25
1970-01-01,SMH27-N27,-0.9,52,39,13,26
1970-01-01,SMH27-N27,-0.8,94,53,41,12
1970-01-01,SMH27-N27,-0.7,308,241,67,174
1970-01-01,SMH27-N27,-0.6,55,16,39,-23
1970-01-01,SMH27-N27,-0.5,70,47,23,24
1970-01-01,SMH27-N27,-0.4,62,38,24,14
1970-01-01,SMH27-N27,-0.3,67,38,29,9
1970-01-01,SMH27-N27,-0.2,62,53,9,44
1970-01-01,SMH27-N27,-0.1,13,13,0,13
1970-01-01,SMH27-N27,0.0,2,2,0,2
1970-01-01,SMH27-Q27,1.2,2,2,0,2
1970-01-01,SMH27-Q27,1.4,1,0,1,-1
1970-01-01,SMH27-Q27,2.0,1,0,1,-1
1970-01-01,SMH27-Q27,2.2,2,0,2,-2
1970-01-01,SMH27-Q27,2.8,1,0,1,-1
1970-01-01,SMH27-Q27,3.0,2,2,0,2
1970-01-01,SMH27-Q27,3.1,3,1,2,-1
1970-01-01,SMH27-Q27,3.2,5,3,2,1
1970-01-01,SMH27-Q27,3.3,1,1,0,1
1970-01-01,SMH27-Q27,3.4,2,0,2,-2
1970-01-01,SMH27-Q27,3.5,1,0,1,-1
1970-01-01,SMH27-Q27,3.6,1,0,1,-1
1970-01-01,SMH27-Q27,3.7,1,1,0,1
1970-01-01,SMH27-Q27,4.0,4,2,2,0
1970-01-01,SMH27-Q27,4.1,4,4,0,4
1970-01-01,SMH27-U27,5.5,1,0,1,-1
1970-01-01,SMH27-U27,7.1,1,0,1,-1
1970-01-01,SMH27-U27,7.2,1,0,1,-1
1970-01-01,SMH27-Z27,9.0,1,1,0,1
1970-01-01,SMH27-Z27,9.3,1,0,1,-1
1970-01-01,SMH27-Z27,9.4,2,2,0,2
1970-01-01,SMH27-Z27,9.5,1,1,0,1
1970-01-01,SMH27-Z27,9.7,1,0,1,-1
1970-01-01,SMH27-Z27,10.0,2,2,0,2
1970-01-01,SMH27-Z27,10.4,1,1,0,1
1970-01-01,SMH27-Z27,13.9,7,4,3,1
1970-01-01,SMK27-N27,-1.6,17,8,9,-1
1970-01-01,SMK27-N27,-1.5,85,39,46,-7
1970-01-01,SMK27-N27,-1.4,102,40,62,-22
1970-01-01,SMK27-N27,-1.3,207,60,147,-87
1970-01-01,SMK27-N27,-1.2,643,192,451,-259
1970-01-01,SMK27-N27,-1.1,413,210,203,7
1970-01-01,SMK27-N27,-1.0,478,107,371,-264
1970-01-01,SMK27-N27,-0.9,868,444,424,20
1970-01-01,SMK27-N27,-0.8,1012,653,359,294
1970-01-01,SMK27-N27,-0.7,715,220,495,-275
1970-01-01,SMK27-N27,-0.6,586,552,34,518
1970-01-01,SMK27-N27,-0.5,48,48,0,48
1970-01-01,SMK27-Q27,1.9,1,1,0,1
1970-01-01,SMK27-Q27,2.0,4,2,2,0
1970-01-01,SMK27-Q27,2.3,20,0,20,-20
1970-01-01,SMK27-Q27,2.4,4,0,4,-4
1970-01-01,SMK27-Q27,2.6,1,1,0,1
1970-01-01,SMK27-Q27,2.9,48,0,48,-48
1970-01-01,SMK27-Q27,3.0,151,5,146,-141
1970-01-01,SMK27-Q27,3.1,110,13,97,-84
1970-01-01,SMK27-Q27,3.2,123,1,122,-121
1970-01-01,SMK27-Q27,3.3,33,22,11,11
1970-01-01,SMK27-Q27,3.4,40,30,10,20
1970-01-01,SMK27-Q27,3.5,11,10,1,9
1970-01-01,SMK27-Q27,3.6,24,14,10,4
1970-01-01,SMK27-Q27,3.7,17,1,16,-15
1970-01-01,SMK27-Q27,3.8,14,0,14,-14
1970-01-01,SMK27-Q27,3.9,6,5,1,4
1970-01-01,SMK27-Q27,4.0,9,1,8,-7
1970-01-01,SMK27-U27,7.4,1,0,1,-1
1970-01-01,SMK27-U27,8.0,1,1,0,1
1970-01-01,SMK27-U27,8.1,5,3,2,1
1970-01-01,SMK27-U27,8.2,1,1,0,1
1970-01-01,SMK27-U27,8.3,1,1,0,1
1970-01-01,SMK27-U27,8.5,2,0,2,-2
1970-01-01,SMK27-U27,8.6,26,0,26,-26
1970-01-01,SMK27-U27,8.7,1,1,0,1
1970-01-01,SMK27-Z27,12.4,3,0,3,-3
1970-01-01,SMK27-Z27,12.7,8,0,8,-8
1970-01-01,SMK27-Z27,12.8,15,0,15,-15
1970-01-01,SMN27-Q27,3.5,23,13,10,3
1970-01-01,SMN27-Q27,3.6,17,0,17,-17
1970-01-01,SMN27-Q27,3.7,29,10,19,-9
1970-01-01,SMN27-Q27,3.8,73,57,16,41
1970-01-01,SMN27-Q27,3.9,47,4,43,-39
1970-01-01,SMN27-Q27,4.0,74,38,36,2
1970-01-01,SMN27-Q27,4.1,55,14,41,-27
1970-01-01,SMN27-Q27,4.2,77,55,22,33
1970-01-01,SMN27-Q27,4.3,134,67,67,0
1970-01-01,SMN27-Q27,4.4,123,50,73,-23
1970-01-01,SMN27-Q27,4.5,175,138,37,101
1970-01-01,SMN27-Q27,4.6,33,22,11,11
1970-01-01,SMN27-U27,8.0,3,0,3,-3
1970-01-01,SMN27-U27,8.1,2,2,0,2
1970-01-01,SMN27-U27,8.3,1,0,1,-1
1970-01-01,SMN27-U27,8.4,3,1,2,-1
1970-01-01,SMN27-U27,8.5,2,0,2,-2
1970-01-01,SMN27-U27,8.6,3,0,3,-3
1970-01-01,SMN27-U27,8.7,8,8,0,8
1970-01-01,SMN27-U27,8.8,1,0,1,-1
1970-01-01,SMN27-U27,9.0,3,0,3,-3
1970-01-01,SMN27-U27,9.1,11,11,0,11
1970-01-01,SMN27-U27,9.2,3,1,2,-1
1970-01-01,SMN27-U27,9.3,1,0,1,-1
1970-01-01,SMN27-U27,9.4,7,1,6,-5
1970-01-01,SMN27-U27,9.5,12,3,9,-6
1970-01-01,SMN27-U27,9.6,5,3,2,1
1970-01-01,SMN27-U27,9.7,9,0,9,-9
1970-01-01,SMN27-U27,9.8,10,4,6,-2
1970-01-01,SMN27-U27,9.9,3,0,3,-3
1970-01-01,SMN27-U27,10.0,2,0,2,-2
1970-01-01,SMN27-U27,10.1,21,19,2,17
1970-01-01,SMN27-U27,10.2,3,0,3,-3
1970-01-01,SMN27-Z27,11.2,3,0,3,-3
1970-01-01,SMN27-Z27,11.3,10,0,10,-10
1970-01-01,SMN27-Z27,11.4,7,1,6,-5
1970-01-01,SMN27-Z27,11.5,2,1,1,0
1970-01-01,SMN27-Z27,11.6,3,1,2,-1
1970-01-01,SMN27-Z27,11.7,5,1,4,-3
1970-01-01,SMN27-Z27,11.8,2,0,2,-2
1970-01-01,SMN27-Z27,11.9,6,2,4,-2
1970-01-01,SMN27-Z27,12.0,15,4,11,-7
1970-01-01,SMN27-Z27,12.1,11,1,10,-9
1970-01-01,SMN27-Z27,12.2,9,3,6,-3
1970-01-01,SMN27-Z27,12.3,10,5,5,0
1970-01-01,SMN27-Z27,12.4,47,11,36,-25
1970-01-01,SMN27-Z27,12.5,7,2,5,-3
1970-01-01,SMN27-Z27,12.6,2,0,2,-2
1970-01-01,SMN27-Z27,12.7,2,0,2,-2
1970-01-01,SMN27-Z27,12.8,5,0,5,-5
1970-01-01,SMN27-Z27,12.9,1,0,1,-1
1970-01-01,SMN27-Z27,13.1,7,0,7,-7
1970-01-01,SMN27-Z27,13.2,7,5,2,3
1970-01-01,SMN27-Z27,13.3,10,5,5,0
1970-01-01,SMN27-Z27,13.4,21,5,16,-11
1970-01-01,SMN27-Z27,13.5,8,7,1,6
1970-01-01,SMN27-Z27,13.6,6,0,6,-6
1970-01-01,SMN27-Z27,13.7,1,1,0,1
1970-01-01,SMN27-Z27,13.8,2,1,1,0
1970-01-01,SMN27-Z27,13.9,3,2,1,1
1970-01-01,SMN27-Z27,14.0,11,2,9,-7
1970-01-01,SMN27-Z27,14.1,7,6,1,5
1970-01-01,SMN27-Z27,14.2,12,6,6,0
1970-01-01,SMN27-Z27,14.3,35,17,18,-1
1970-01-01,SMN27-Z27,14.4,11,4,7,-3
1970-01-01,SMN27-Z27,14.5,24,14,10,4
1970-01-01,SMN27-Z27,14.6,65,25,40,-15
1970-01-01,SMN27-Z27,14.7,43,24,19,5
1970-01-01,SMN27-Z27,14.8,26,13,13,0
1970-01-01,SMN27-Z27,14.9,6,2,4,-2
1970-01-01,SMN27-Z27,15.0,13,2,11,-9
1970-01-01,SMN27-Z27,15.1,5,2,3,-1
1970-01-01,SMQ27-U27,4.5,9,2,7,-5
1970-01-01,SMQ27-U27,4.7,24,22,2,20
1970-01-01,SMQ27-U27,4.8,3,1,2,-1
1970-01-01,SMQ27-U27,4.9,25,16,9,7
1970-01-01,SMQ27-U27,5.0,4,3,1,2
1970-01-01,SMQ27-U27,5.1,27,22,5,17
1970-01-01,SMQ27-U27,5.2,14,13,1,12
1970-01-01,SMQ27-U27,5.3,6,5,1,4
1970-01-01,SMQ27-U27,5.4,60,12,48,-36
1970-01-01,SMQ27-U27,5.5,56,36,20,16
1970-01-01,SMQ27-U27,5.6,42,29,13,16
1970-01-01,SMQ27-U27,5.7,2,1,1,0
1970-01-01,SMQ27-V27,9.8,4,4,0,4
1970-01-01,SMQ27-V27,9.9,1,0,1,-1
1970-01-01,SMQ27-V27,10.0,10,10,0,10
1970-01-01,SMQ27-V27,10.6,4,2,2,0
1970-01-01,SMQ27-V27,11.2,2,0,2,-2
1970-01-01,SMQ27-V27,11.3,2,0,2,-2
1970-01-01,SMQ27-V27,11.5,1,0,1,-1
1970-01-01,SMQ27-V27,11.8,8,0,8,-8
1970-01-01,SMQ27-V27,11.9,2,0,2,-2
1970-01-01,SMQ27-V27,12.0,2,2,0,2
1970-01-01,SMQ27-V27,12.2,3,3,0,3
1970-01-01,SMQ27-Z27,8.6,1,0,1,-1
1970-01-01,SMQ27-Z27,8.8,1,0,1,-1
1970-01-01,SMQ27-Z27,9.0,1,0,1,-1
1970-01-01,SMQ27-Z27,9.6,1,1,0,1
1970-01-01,SMQ27-Z27,9.8,1,0,1,-1
1970-01-01,SMQ27-Z27,10.4,1,1,0,1
1970-01-01,SMU27-V27,5.3,27,7,20,-13
1970-01-01,SMU27-V27,5.4,3,2,1,1
1970-01-01,SMU27-V27,5.5,3,0,3,-3
1970-01-01,SMU27-V27,5.6,15,15,0,15
1970-01-01,SMU27-V27,5.7,29,6,23,-17
1970-01-01,SMU27-V27,5.8,1,0,1,-1
1970-01-01,SMU27-V27,5.9,15,9,6,3
1970-01-01,SMU27-V27,6.0,3,2,1,1
1970-01-01,SMU27-V27,6.1,9,2,7,-5
1970-01-01,SMU27-V27,6.2,14,7,7,0
1970-01-01,SMU27-V27,6.3,28,12,16,-4
1970-01-01,SMU27-V27,6.4,38,33,5,28
1970-01-01,SMU27-V27,6.5,4,3,1,2
1970-01-01,SMU27-V27,6.6,6,6,0,6
1970-01-01,SMU27-Z27,3.4,1,0,1,-1
1970-01-01,SMU27-Z27,3.8,2,0,2,-2
1970-01-01,SMU27-Z27,4.1,3,0,3,-3
1970-01-01,SMU27-Z27,4.2,5,1,4,-3
1970-01-01,SMU27-Z27,4.3,1,1,0,1
1970-01-01,SMU27-Z27,4.4,28,0,28,-28
1970-01-01,SMU27-Z27,4.5,16,0,16,-16
1970-01-01,SMU27-Z27,4.9,1,1,0,1
1970-01-01,SMV26-F27,-7.1,12,6,6,0
1970-01-01,SMV26-F27,-7.0,141,45,96,-51
1970-01-01,SMV26-F27,-6.9,140,45,95,-50
1970-01-01,SMV26-F27,-6.8,165,118,47,71
1970-01-01,SMV26-F27,-6.7,363,51,312,-261
1970-01-01,SMV26-F27,-6.6,181,82,99,-17
1970-01-01,SMV26-F27,-6.5,32,25,7,18
1970-01-01,SMV26-F27,-6.4,50,20,30,-10
1970-01-01,SMV26-F27,-6.3,112,30,82,-52
1970-01-01,SMV26-F27,-6.2,488,173,315,-142
1970-01-01,SMV26-F27,-6.1,622,302,320,-18
1970-01-01,SMV26-F27,-6.0,686,430,256,174
1970-01-01,SMV26-F27,-5.9,423,292,131,161
1970-01-01,SMV26-F27,-5.8,303,116,187,-71
1970-01-01,SMV26-F27,-5.7,158,59,99,-40
1970-01-01,SMV26-F27,-5.6,74,37,37,0
1970-01-01,SMV26-F27,-5.5,53,32,21,11
1970-01-01,SMV26-F27,-5.4,12,11,1,10
1970-01-01,SMV26-F27,-5.3,33,14,19,-5
1970-01-01,SMV26-F27,-5.2,10,2,8,-6
1970-01-01,SMV26-F27,-5.1,55,19,36,-17
1970-01-01,SMV26-F27,-5.0,19,15,4,11
1970-01-01,SMV26-F27,-4.9,32,14,18,-4
1970-01-01,SMV26-F27,-4.8,35,29,6,23
1970-01-01,SMV26-F27,-4.7,84,38,46,-8
1970-01-01,SMV26-F27,-4.6,70,14,56,-42
1970-01-01,SMV26-F27,-4.5,85,41,44,-3
1970-01-01,SMV26-F27,-4.4,77,38,39,-1
1970-01-01,SMV26-F27,-4.3,35,18,17,1
1970-01-01,SMV26-F27,-4.2,91,47,44,3
1970-01-01,SMV26-F27,-4.1,195,101,94,7
1970-01-01,SMV26-F27,-4.0,382,185,197,-12
1970-01-01,SMV26-F27,-3.9,363,173,190,-17
1970-01-01,SMV26-F27,-3.8,296,137,159,-22
1970-01-01,SMV26-F27,-3.7,258,75,183,-108
1970-01-01,SMV26-F27,-3.6,357,143,214,-71
1970-01-01,SMV26-F27,-3.5,351,140,211,-71
1970-01-01,SMV26-F27,-3.4,538,197,341,-144
1970-01-01,SMV26-F27,-3.3,465,226,239,-13
1970-01-01,SMV26-F27,-3.2,211,109,102,7
1970-01-01,SMV26-F27,-3.1,163,29,134,-105
1970-01-01,SMV26-F27,-3.0,449,110,339,-229
1970-01-01,SMV26-F27,-2.9,232,106,126,-20
1970-01-01,SMV26-F27,-2.8,216,50,166,-116
1970-01-01,SMV26-F27,-2.7,223,49,174,-125
1970-01-01,SMV26-F27,-2.6,178,105,73,32
1970-01-01,SMV26-F27,-2.5,170,75,95,-20
1970-01-01,SMV26-F27,-2.4,80,68,12,56
1970-01-01,SMV26-H27,-8.5,10,0,10,-10
1970-01-01,SMV26-H27,-8.4,13,7,6,1
1970-01-01,SMV26-H27,-8.3,1,1,0,1
1970-01-01,SMV26-H27,-8.2,27,3,24,-21
1970-01-01,SMV26-H27,-8.1,16,10,6,4
1970-01-01,SMV26-H27,-8.0,4,4,0,4
1970-01-01,SMV26-H27,-7.9,32,29,3,26
1970-01-01,SMV26-H27,-7.8,8,0,8,-8
1970-01-01,SMV26-H27,-7.7,11,6,5,1
1970-01-01,SMV26-H27,-7.6,24,13,11,2
1970-01-01,SMV26-H27,-7.5,39,20,19,1
1970-01-01,SMV26-H27,-7.4,39,6,33,-27
1970-01-01,SMV26-H27,-7.3,150,48,102,-54
1970-01-01,SMV26-H27,-7.2,65,20,45,-25
1970-01-01,SMV26-H27,-7.1,80,37,43,-6
1970-01-01,SMV26-H27,-7.0,126,76,50,26
1970-01-01,SMV26-H27,-6.9,45,36,9,27
1970-01-01,SMV26-H27,-6.8,22,19,3,16
1970-01-01,SMV26-H27,-6.7,11,10,1,9
1970-01-01,SMV26-H27,-6.6,3,2,1,1
1970-01-01,SMV26-H27,-6.5,16,0,16,-16
1970-01-01,SMV26-H27,-6.4,9,2,7,-5
1970-01-01,SMV26-H27,-6.3,6,4,2,2
1970-01-01,SMV26-H27,-6.2,1,0,1,-1
1970-01-01,SMV26-H27,-6.1,7,5,2,3
1970-01-01,SMV26-H27,-6.0,1,0,1,-1
1970-01-01,SMV26-H27,-5.9,1,1,0,1
1970-01-01,SMV26-H27,-5.8,1,1,0,1
1970-01-01,SMV26-H27,-5.7,3,1,2,-1
1970-01-01,SMV26-H27,-5.6,8,8,0,8
1970-01-01,SMV26-H27,-5.5,15,15,0,15
1970-01-01,SMV26-H27,-5.4,2,1,1,0
1970-01-01,SMV26-H27,-5.3,7,0,7,-7
1970-01-01,SMV26-H27,-5.2,1,1,0,1
1970-01-01,SMV26-H27,-5.1,10,6,4,2
1970-01-01,SMV26-H27,-5.0,2,0,2,-2
1970-01-01,SMV26-H27,-4.9,41,8,33,-25
1970-01-01,SMV26-H27,-4.8,15,14,1,13
1970-01-01,SMV26-H27,-4.7,16,16,0,16
1970-01-01,SMV26-H27,-4.6,7,5,2,3
1970-01-01,SMV26-H27,-4.4,11,0,11,-11
1970-01-01,SMV26-H27,-4.3,7,2,5,-3
1970-01-01,SMV26-H27,-4.2,34,23,11,12
1970-01-01,SMV26-H27,-4.1,22,9,13,-4
1970-01-01,SMV26-H27,-4.0,11,10,1,9
1970-01-01,SMV26-H27,-3.9,37,22,15,7
1970-01-01,SMV26-H27,-3.8,45,36,9,27
1970-01-01,SMV26-H27,-3.7,15,5,10,-5
1970-01-01,SMV26-H27,-3.6,23,14,9,5
1970-01-01,SMV26-H27,-3.5,39,5,34,-29
1970-01-01,SMV26-H27,-3.4,64,39,25,14
1970-01-01,SMV26-H27,-3.3,91,19,72,-53
1970-01-01,SMV26-H27,-3.2,66,17,49,-32
1970-01-01,SMV26-H27,-3.1,77,43,34,9
1970-01-01,SMV26-H27,-3.0,32,10,22,-12
1970-01-01,SMV26-H27,-2.9,38,10,28,-18
1970-01-01,SMV26-H27,-2.8,49,23,26,-3
1970-01-01,SMV26-H27,-2.7,13,13,0,13
1970-01-01,SMV26-H27,-2.6,31,9,22,-13
1970-01-01,SMV26-H27,-2.5,10,2,8,-6
1970-01-01,SMV26-H27,-2.4,11,4,7,-3
1970-01-01,SMV26-H27,-2.3,37,22,15,7
1970-01-01,SMV26-H27,-2.2,105,23,82,-59
1970-01-01,SMV26-H27,-2.1,25,14,11,3
1970-01-01,SMV26-H27,-2.0,40,29,11,18
1970-01-01,SMV26-H27,-1.9,23,16,7,9
1970-01-01,SMV26-H27,-1.8,17,6,11,-5
1970-01-01,SMV26-H27,-1.7,13,13,0,13
1970-01-01,SMV26-H27,-1.6,11,5,6,-1
1970-01-01,SMV26-H27,-1.5,1,1,0,1
1970-01-01,SMV26-K27,-9.1,2,2,0,2
1970-01-01,SMV26-K27,-9.0,1,0,1,-1
1970-01-01,SMV26-K27,-8.9,2,0,2,-2
1970-01-01,SMV26-K27,-8.8,29,6,23,-17
1970-01-01,SMV26-K27,-8.6,15,15,0,15
1970-01-01,SMV26-K27,-8.5,9,2,7,-5
1970-01-01,SMV26-K27,-8.4,6,1,5,-4
1970-01-01,SMV26-K27,-8.3,49,30,19,11
1970-01-01,SMV26-K27,-8.2,24,9,15,-6
1970-01-01,SMV26-K27,-8.1,29,16,13,3
1970-01-01,SMV26-K27,-8.0,17,7,10,-3
1970-01-01,SMV26-K27,-7.9,12,5,7,-2
1970-01-01,SMV26-K27,-7.8,76,34,42,-8
1970-01-01,SMV26-K27,-7.7,24,8,16,-8
1970-01-01,SMV26-K27,-7.6,29,22,7,15
1970-01-01,SMV26-K27,-7.5,14,9,5,4
1970-01-01,SMV26-K27,-7.4,1,1,0,1
1970-01-01,SMV26-K27,-7.3,2,2,0,2
1970-01-01,SMV26-K27,-7.2,3,1,2,-1
1970-01-01,SMV26-K27,-7.1,7,1,6,-5
1970-01-01,SMV26-K27,-7.0,4,0,4,-4
1970-01-01,SMV26-K27,-6.9,2,0,2,-2
1970-01-01,SMV26-K27,-6.8,1,0,1,-1
1970-01-01,SMV26-K27,-6.6,2,0,2,-2
1970-01-01,SMV26-K27,-6.1,1,0,1,-1
1970-01-01,SMV26-K27,-6.0,2,0,2,-2
1970-01-01,SMV26-K27,-5.9,2,2,0,2
1970-01-01,SMV26-K27,-5.7,1,1,0,1
1970-01-01,SMV26-K27,-5.6,1,0,1,-1
1970-01-01,SMV26-K27,-5.4,2,2,0,2
1970-01-01,SMV26-K27,-5.3,1,1,0,1
1970-01-01,SMV26-K27,-5.2,8,4,4,0
1970-01-01,SMV26-K27,-5.1,12,2,10,-8
1970-01-01,SMV26-K27,-5.0,2,2,0,2
1970-01-01,SMV26-K27,-4.9,4,1,3,-2
1970-01-01,SMV26-K27,-4.7,9,9,0,9
1970-01-01,SMV26-K27,-4.5,2,1,1,0
1970-01-01,SMV26-K27,-4.4,3,1,2,-1
1970-01-01,SMV26-K27,-4.3,1,1,0,1
1970-01-01,SMV26-K27,-4.2,7,5,2,3
1970-01-01,SMV26-K27,-4.1,11,10,1,9
1970-01-01,SMV26-K27,-4.0,15,15,0,15
1970-01-01,SMV26-K27,-3.9,64,46,18,28
1970-01-01,SMV26-K27,-3.8,7,5,2,3
1970-01-01,SMV26-K27,-3.7,6,5,1,4
1970-01-01,SMV26-K27,-3.6,16,13,3,10
1970-01-01,SMV26-K27,-3.5,27,20,7,13
1970-01-01,SMV26-K27,-3.4,28,21,7,14
1970-01-01,SMV26-K27,-3.3,23,18,5,13
1970-01-01,SMV26-K27,-3.2,19,13,6,7
1970-01-01,SMV26-K27,-3.1,23,14,9,5
1970-01-01,SMV26-K27,-3.0,9,3,6,-3
1970-01-01,SMV26-K27,-2.9,7,4,3,1
1970-01-01,SMV26-K27,-2.8,3,0,3,-3
1970-01-01,SMV26-K27,-2.7,21,15,6,9
1970-01-01,SMV26-K27,-2.6,17,10,7,3
1970-01-01,SMV26-K27,-2.5,22,11,11,0
1970-01-01,SMV26-K27,-2.4,13,7,6,1
1970-01-01,SMV26-K27,-2.3,3,2,1,1
1970-01-01,SMV26-K27,-2.2,21,4,17,-13
1970-01-01,SMV26-K27,-2.1,15,8,7,1
1970-01-01,SMV26-K27,-2.0,24,14,10,4
1970-01-01,SMV26-K27,-1.9,38,24,14,10
1970-01-01,SMV26-K27,-1.8,11,9,2,7
1970-01-01,SMV26-K27,-1.7,18,15,3,12
1970-01-01,SMV26-K27,-1.6,121,12,109,-97
1970-01-01,SMV26-K27,-1.5,103,2,101,-99
1970-01-01,SMV26-K27,-1.4,5,3,2,1
1970-01-01,SMV26-K27,-1.2,1,1,0,1
1970-01-01,SMV26-N27,-10.1,25,0,25,-25
1970-01-01,SMV26-N27,-10.0,9,4,5,-1
1970-01-01,SMV26-N27,-9.9,6,2,4,-2
1970-01-01,SMV26-N27,-9.7,2,0,2,-2
1970-01-01,SMV26-N27,-9.6,3,3,0,3
1970-01-01,SMV26-N27,-9.5,6,1,5,-4
1970-01-01,SMV26-N27,-9.4,7,3,4,-1
1970-01-01,SMV26-N27,-9.3,6,4,2,2
1970-01-01,SMV26-N27,-9.2,1,1,0,1
1970-01-01,SMV26-N27,-9.1,14,6,8,-2
1970-01-01,SMV26-N27,-9.0,11,8,3,5
1970-01-01,SMV26-N27,-8.9,8,2,6,-4
1970-01-01,SMV26-N27,-8.8,6,6,0,6
1970-01-01,SMV26-N27,-8.7,8,6,2,4
1970-01-01,SMV26-N27,-8.6,3,3,0,3
1970-01-01,SMV26-N27,-8.5,4,2,2,0
1970-01-01,SMV26-N27,-8.4,1,0,1,-1
1970-01-01,SMV26-N27,-8.3,2,1,1,0
1970-01-01,SMV26-N27,-8.2,3,2,1,1
1970-01-01,SMV26-N27,-8.1,4,0,4,-4
1970-01-01,SMV26-N27,-8.0,1,0,1,-1
1970-01-01,SMV26-N27,-7.9,3,2,1,1
1970-01-01,SMV26-N27,-7.8,2,2,0,2
1970-01-01,SMV26-N27,-7.6,8,2,6,-4
1970-01-01,SMV26-N27,-7.5,4,0,4,-4
1970-01-01,SMV26-N27,-6.4,2,0,2,-2
1970-01-01,SMV26-N27,-6.1,2,0,2,-2
1970-01-01,SMV26-N27,-6.0,16,9,7,2
1970-01-01,SMV26-N27,-5.9,10,3,7,-4
1970-01-01,SMV26-N27,-5.8,6,3,3,0
1970-01-01,SMV26-N27,-5.7,2,0,2,-2
1970-01-01,SMV26-N27,-5.6,12,10,2,8
1970-01-01,SMV26-N27,-5.5,3,3,0,3
1970-01-01,SMV26-N27,-5.4,2,0,2,-2
1970-01-01,SMV26-N27,-5.3,7,6,1,5
1970-01-01,SMV26-N27,-5.2,20,7,13,-6
1970-01-01,SMV26-N27,-5.1,5,3,2,1
1970-01-01,SMV26-N27,-5.0,7,6,1,5
1970-01-01,SMV26-N27,-4.9,23,19,4,15
1970-01-01,SMV26-N27,-4.8,4,0,4,-4
1970-01-01,SMV26-N27,-4.7,22,9,13,-4
1970-01-01,SMV26-N27,-4.6,9,7,2,5
1970-01-01,SMV26-N27,-4.5,13,4,9,-5
1970-01-01,SMV26-N27,-4.4,12,7,5,2
1970-01-01,SMV26-N27,-4.3,24,13,11,2
1970-01-01,SMV26-N27,-4.2,24,13,11,2
1970-01-01,SMV26-N27,-4.1,10,9,1,8
1970-01-01,SMV26-N27,-4.0,17,9,8,1
1970-01-01,SMV26-N27,-3.9,26,21,5,16
1970-01-01,SMV26-N27,-3.8,15,14,1,13
1970-01-01,SMV26-N27,-3.7,4,2,2,0
1970-01-01,SMV26-N27,-3.5,14,6,8,-2
1970-01-01,SMV26-N27,-3.3,1,1,0,1
1970-01-01,SMV26-N27,-3.2,7,3,4,-1
1970-01-01,SMV26-N27,-3.1,7,0,7,-7
1970-01-01,SMV26-N27,-3.0,1,1,0,1
1970-01-01,SMV26-N27,-2.9,3,3,0,3
1970-01-01,SMV26-N27,-2.7,3,1,2,-1
1970-01-01,SMV26-N27,-2.6,47,40,7,33
1970-01-01,SMV26-N27,-2.5,56,45,11,34
1970-01-01,SMV26-N27,-2.4,26,25,1,24
1970-01-01,SMV26-N27,-2.3,103,103,0,103
1970-01-01,SMV26-N27,-2.2,80,77,3,74
1970-01-01,SMV26-N27,-2.1,8,8,0,8
1970-01-01,SMV26-N27,-2.0,10,10,0,10
1970-01-01,SMV26-N27,-1.9,3,0,3,-3
1970-01-01,SMV26-Q27,-5.3,4,0,4,-4
1970-01-01,SMV26-Q27,-4.3,2,0,2,-2
1970-01-01,SMV26-Q27,-4.2,2,0,2,-2
1970-01-01,SMV26-Q27,-1.9,2,0,2,-2
1970-01-01,SMV26-Q27,-1.7,3,1,2,-1
1970-01-01,SMV26-Q27,-1.6,2,0,2,-2
1970-01-01,SMV26-Q27,-1.3,1,1,0,1
1970-01-01,SMV26-Q27,-0.8,1,1,0,1
1970-01-01,SMV26-Q27,-0.2,5,0,5,-5
1970-01-01,SMV26-Q27,0.5,1,0,1,-1
1970-01-01,SMV26-Q27,1.1,1,0,1,-1
1970-01-01,SMV26-Q27,1.4,1,0,1,-1
1970-01-01,SMV26-Q27,1.7,1,1,0,1
1970-01-01,SMV26-Q27,2.1,2,0,2,-2
1970-01-01,SMV26-Q27,2.2,2,0,2,-2
1970-01-01,SMV26-U27,-0.5,5,0,5,-5
1970-01-01,SMV26-U27,0.6,4,0,4,-4
1970-01-01,SMV26-U27,0.7,3,0,3,-3
1970-01-01,SMV26-U27,3.6,1,0,1,-1
1970-01-01,SMV26-U27,3.7,1,0,1,-1
1970-01-01,SMV26-U27,4.2,3,3,0,3
1970-01-01,SMV26-U27,4.5,3,0,3,-3
1970-01-01,SMV26-U27,5.2,5,0,5,-5
1970-01-01,SMV26-U27,5.5,1,1,0,1
1970-01-01,SMV26-U27,5.9,1,1,0,1
1970-01-01,SMV26-U27,6.0,1,0,1,-1
1970-01-01,SMV26-U27,6.3,2,0,2,-2
1970-01-01,SMV26-U27,6.6,1,0,1,-1
1970-01-01,SMV26-U27,7.0,1,1,0,1
1970-01-01,SMV26-U27,7.1,2,2,0,2
1970-01-01,SMV26-U27,7.6,2,0,2,-2
1970-01-01,SMV26-Z26,-5.4,2,0,2,-2
1970-01-01,SMV26-Z26,-5.1,1,0,1,-1
1970-01-01,SMV26-Z26,-5.0,890,404,486,-82
1970-01-01,SMV26-Z26,-4.9,584,141,443,-302
1970-01-01,SMV26-Z26,-4.8,671,537,134,403
1970-01-01,SMV26-Z26,-4.7,383,244,139,105
1970-01-01,SMV26-Z26,-4.6,627,72,555,-483
1970-01-01,SMV26-Z26,-4.5,1253,496,757,-261
1970-01-01,SMV26-Z26,-4.4,1845,1128,717,411
1970-01-01,SMV26-Z26,-4.3,2868,1499,1369,130
1970-01-01,SMV26-Z26,-4.2,2420,1632,788,844
1970-01-01,SMV26-Z26,-4.1,2819,1493,1326,167
1970-01-01,SMV26-Z26,-4.0,3312,2100,1212,888
1970-01-01,SMV26-Z26,-3.9,2459,1081,1378,-297
1970-01-01,SMV26-Z26,-3.8,2116,1319,797,522
1970-01-01,SMV26-Z26,-3.7,1769,1082,687,395
1970-01-01,SMV26-Z26,-3.6,2139,980,1159,-179
1970-01-01,SMV26-Z26,-3.5,3005,1951,1054,897
1970-01-01,SMV26-Z26,-3.4,3083,1307,1776,-469
1970-01-01,SMV26-Z26,-3.3,2941,2200,741,1459
1970-01-01,SMV26-Z26,-3.2,3115,1086,2029,-943
1970-01-01,SMV26-Z26,-3.1,1614,1289,325,964
1970-01-01,SMV26-Z26,-3.0,1024,349,675,-326
1970-01-01,SMV26-Z26,-2.9,763,312,451,-139
1970-01-01,SMV26-Z26,-2.8,1533,954,579,375
1970-01-01,SMV26-Z26,-2.7,3589,1385,2204,-819
1970-01-01,SMV26-Z26,-2.6,5399,3587,1812,1775
1970-01-01,SMV26-Z26,-2.5,2710,2482,228,2254
1970-01-01,SMV26-Z26,-2.4,1079,521,558,-37
1970-01-01,SMV26-Z26,-2.3,570,442,128,314
1970-01-01,SMV26-Z26,-2.2,402,215,187,28
1970-01-01,SMV26-Z26,-2.1,40,40,0,40
1970-01-01,SMV27-Z27,-2.1,12,10,2,8
1970-01-01,SMV27-Z27,-2.0,34,2,32,-30
1970-01-01,SMV27-Z27,-1.9,19,7,12,-5
1970-01-01,SMV27-Z27,-1.8,31,14,17,-3
1970-01-01,SMV27-Z27,-1.7,83,22,61,-39
1970-01-01,SMV27-Z27,-1.6,49,17,32,-15
1970-01-01,SMV27-Z27,-1.5,21,6,15,-9
1970-01-01,SMV27-Z27,-1.4,16,6,10,-4
1970-01-01,SMZ26-F27,-2.2,13,0,13,-13
1970-01-01,SMZ26-F27,-2.1,1529,610,919,-309
1970-01-01,SMZ26-F27,-2.0,3032,1148,1884,-736
1970-01-01,SMZ26-F27,-1.9,7371,2371,5000,-2629
1970-01-01,SMZ26-F27,-1.8,7728,3244,4484,-1240
1970-01-01,SMZ26-F27,-1.7,3801,2240,1561,679
1970-01-01,SMZ26-F27,-1.6,1077,946,131,815
1970-01-01,SMZ26-F27,-1.5,524,238,286,-48
1970-01-01,SMZ26-F27,-1.4,498,277,221,56
1970-01-01,SMZ26-F27,-1.3,477,239,238,1
1970-01-01,SMZ26-F27,-1.2,378,87,291,-204
1970-01-01,SMZ26-F27,-1.1,552,346,206,140
1970-01-01,SMZ26-F27,-1.0,448,197,251,-54
1970-01-01,SMZ26-F27,-0.9,126,103,23,80
1970-01-01,SMZ26-F27,-0.8,1053,0,1053,-1053
1970-01-01,SMZ26-F27,-0.7,1557,299,1258,-959
1970-01-01,SMZ26-F27,-0.6,1457,134,1323,-1189
1970-01-01,SMZ26-F27,-0.5,1810,510,1300,-790
1970-01-01,SMZ26-F27,-0.4,1720,250,1470,-1220
1970-01-01,SMZ26-F27,-0.3,4924,1322,3602,-2280
1970-01-01,SMZ26-F27,-0.2,3331,1434,1897,-463
1970-01-01,SMZ26-F27,-0.1,5130,2603,2527,76
1970-01-01,SMZ26-F27,0.0,1779,1447,332,1115
1970-01-01,SMZ26-F27,0.1,453,193,260,-67
1970-01-01,SMZ26-F27,0.2,485,284,201,83
1970-01-01,SMZ26-F27,0.3,27,27,0,27
1970-01-01,SMZ26-H27,-3.4,172,34,138,-104
1970-01-01,SMZ26-H27,-3.3,700,382,318,64
1970-01-01,SMZ26-H27,-3.2,374,215,159,56
1970-01-01,SMZ26-H27,-3.1,520,219,301,-82
1970-01-01,SMZ26-H27,-3.0,1431,554,877,-323
1970-01-01,SMZ26-H27,-2.9,599,314,285,29
1970-01-01,SMZ26-H27,-2.8,309,225,84,141
1970-01-01,SMZ26-H27,-2.7,12,3,9,-6
1970-01-01,SMZ26-H27,-2.6,40,1,39,-38
1970-01-01,SMZ26-H27,-2.5,16,3,13,-10
1970-01-01,SMZ26-H27,-2.4,107,40,67,-27
1970-01-01,SMZ26-H27,-2.3,45,42,3,39
1970-01-01,SMZ26-H27,-2.2,23,7,16,-9
1970-01-01,SMZ26-H27,-2.1,30,18,12,6
1970-01-01,SMZ26-H27,-2.0,19,7,12,-5
1970-01-01,SMZ26-H27,-1.9,78,73,5,68
1970-01-01,SMZ26-H27,-1.8,23,12,11,1
1970-01-01,SMZ26-H27,-1.7,49,22,27,-5
1970-01-01,SMZ26-H27,-1.6,12,9,3,6
1970-01-01,SMZ26-H27,-1.5,10,3,7,-4
1970-01-01,SMZ26-H27,-1.4,23,7,16,-9
1970-01-01,SMZ26-H27,-1.3,74,34,40,-6
1970-01-01,SMZ26-H27,-1.2,252,230,22,208
1970-01-01,SMZ26-H27,-1.1,9,7,2,5
1970-01-01,SMZ26-H27,-1.0,40,0,40,-40
1970-01-01,SMZ26-H27,-0.9,26,12,14,-2
1970-01-01,SMZ26-H27,-0.8,19,5,14,-9
1970-01-01,SMZ26-H27,-0.7,23,18,5,13
1970-01-01,SMZ26-H27,-0.6,5,0,5,-5
1970-01-01,SMZ26-H27,-0.5,73,28,45,-17
1970-01-01,SMZ26-H27,-0.4,297,136,161,-25
1970-01-01,SMZ26-H27,-0.3,465,192,273,-81
1970-01-01,SMZ26-H27,-0.2,318,242,76,166
1970-01-01,SMZ26-H27,-0.1,391,199,192,7
1970-01-01,SMZ26-H27,0.0,472,268,204,64
1970-01-01,SMZ26-H27,0.1,550,207,343,-136
1970-01-01,SMZ26-H27,0.2,625,394,231,163
1970-01-01,SMZ26-H27,0.3,550,281,269,12
1970-01-01,SMZ26-H27,0.4,1244,962,282,680
1970-01-01,SMZ26-H27,0.5,2070,1498,572,926
1970-01-01,SMZ26-H27,0.6,527,393,134,259
1970-01-01,SMZ26-H27,0.7,253,215,38,177
1970-01-01,SMZ26-H27,0.8,26,17,9,8
1970-01-01,SMZ26-H27,0.9,4,0,4,-4
1970-01-01,SMZ26-H27,1.0,15,9,6,3
1970-01-01,SMZ26-K27,-4.3,79,15,64,-49
1970-01-01,SMZ26-K27,-4.2,44,29,15,14
1970-01-01,SMZ26-K27,-4.1,109,59,50,9
1970-01-01,SMZ26-K27,-4.0,163,33,130,-97
1970-01-01,SMZ26-K27,-3.9,179,66,113,-47
1970-01-01,SMZ26-K27,-3.8,267,141,126,15
1970-01-01,SMZ26-K27,-3.7,117,51,66,-15
1970-01-01,SMZ26-K27,-3.6,223,96,127,-31
1970-01-01,SMZ26-K27,-3.5,520,147,373,-226
1970-01-01,SMZ26-K27,-3.4,170,50,120,-70
1970-01-01,SMZ26-K27,-3.3,16,14,2,12
1970-01-01,SMZ26-K27,-3.2,13,3,10,-7
1970-01-01,SMZ26-K27,-3.1,5,0,5,-5
1970-01-01,SMZ26-K27,-3.0,6,2,4,-2
1970-01-01,SMZ26-K27,-2.9,28,4,24,-20
1970-01-01,SMZ26-K27,-2.8,7,1,6,-5
1970-01-01,SMZ26-K27,-2.7,3,1,2,-1
1970-01-01,SMZ26-K27,-2.5,2,0,2,-2
1970-01-01,SMZ26-K27,-2.4,11,0,11,-11
1970-01-01,SMZ26-K27,-2.3,9,2,7,-5
1970-01-01,SMZ26-K27,-2.2,6,4,2,2
1970-01-01,SMZ26-K27,-2.1,27,20,7,13
1970-01-01,SMZ26-K27,-2.0,33,10,23,-13
1970-01-01,SMZ26-K27,-1.9,25,21,4,17
1970-01-01,SMZ26-K27,-1.8,20,16,4,12
1970-01-01,SMZ26-K27,-1.7,17,5,12,-7
1970-01-01,SMZ26-K27,-1.6,29,26,3,23
1970-01-01,SMZ26-K27,-1.5,11,2,9,-7
1970-01-01,SMZ26-K27,-1.4,12,7,5,2
1970-01-01,SMZ26-K27,-1.3,33,20,13,7
1970-01-01,SMZ26-K27,-1.2,20,15,5,10
1970-01-01,SMZ26-K27,-1.1,11,5,6,-1
1970-01-01,SMZ26-K27,-1.0,12,0,12,-12
1970-01-01,SMZ26-K27,-0.9,13,2,11,-9
1970-01-01,SMZ26-K27,-0.8,8,0,8,-8
1970-01-01,SMZ26-K27,-0.7,38,19,19,0
1970-01-01,SMZ26-K27,-0.6,72,21,51,-30
1970-01-01,SMZ26-K27,-0.5,60,45,15,30
1970-01-01,SMZ26-K27,-0.4,62,51,11,40
1970-01-01,SMZ26-K27,-0.3,92,24,68,-44
1970-01-01,SMZ26-K27,-0.2,152,32,120,-88
1970-01-01,SMZ26-K27,-0.1,260,73,187,-114
1970-01-01,SMZ26-K27,0.0,321,115,206,-91
1970-01-01,SMZ26-K27,0.1,297,219,78,141
1970-01-01,SMZ26-K27,0.2,102,58,44,14
1970-01-01,SMZ26-K27,0.3,280,48,232,-184
1970-01-01,SMZ26-K27,0.4,124,77,47,30
1970-01-01,SMZ26-K27,0.5,224,167,57,110
1970-01-01,SMZ26-K27,0.6,62,19,43,-24
1970-01-01,SMZ26-K27,0.7,249,119,130,-11
1970-01-01,SMZ26-K27,0.8,297,182,115,67
1970-01-01,SMZ26-K27,0.9,304,156,148,8
1970-01-01,SMZ26-K27,1.0,137,98,39,59
1970-01-01,SMZ26-K27,1.1,60,34,26,8
1970-01-01,SMZ26-K27,1.2,6,5,1,4
1970-01-01,SMZ26-K27,1.3,1,0,1,-1
1970-01-01,SMZ26-N27,-5.9,1,0,1,-1
1970-01-01,SMZ26-N27,-5.8,51,7,44,-37
1970-01-01,SMZ26-N27,-5.7,81,36,45,-9
1970-01-01,SMZ26-N27,-5.6,56,16,40,-24
1970-01-01,SMZ26-N27,-5.5,40,5,35,-30
1970-01-01,SMZ26-N27,-5.4,73,47,26,21
1970-01-01,SMZ26-N27,-5.3,199,43,156,-113
1970-01-01,SMZ26-N27,-5.2,288,212,76,136
1970-01-01,SMZ26-N27,-5.1,97,70,27,43
1970-01-01,SMZ26-N27,-5.0,173,93,80,13
1970-01-01,SMZ26-N27,-4.9,78,63,15,48
1970-01-01,SMZ26-N27,-4.8,292,169,123,46
1970-01-01,SMZ26-N27,-4.7,219,134,85,49
1970-01-01,SMZ26-N27,-4.6,42,24,18,6
1970-01-01,SMZ26-N27,-4.5,199,71,128,-57
1970-01-01,SMZ26-N27,-4.4,12,2,10,-8
1970-01-01,SMZ26-N27,-4.3,4,4,0,4
1970-01-01,SMZ26-N27,-4.2,31,0,31,-31
1970-01-01,SMZ26-N27,-4.1,25,0,25,-25
1970-01-01,SMZ26-N27,-4.0,2,2,0,2
1970-01-01,SMZ26-N27,-3.9,25,0,25,-25
1970-01-01,SMZ26-N27,-3.8,28,9,19,-10
1970-01-01,SMZ26-N27,-3.7,7,2,5,-3
1970-01-01,SMZ26-N27,-3.5,25,0,25,-25
1970-01-01,SMZ26-N27,-3.4,26,0,26,-26
1970-01-01,SMZ26-N27,-3.3,1,0,1,-1
1970-01-01,SMZ26-N27,-3.2,3,2,1,1
1970-01-01,SMZ26-N27,-3.1,21,7,14,-7
1970-01-01,SMZ26-N27,-3.0,13,2,11,-9
1970-01-01,SMZ26-N27,-2.9,39,10,29,-19
1970-01-01,SMZ26-N27,-2.8,14,5,9,-4
1970-01-01,SMZ26-N27,-2.7,16,15,1,14
1970-01-01,SMZ26-N27,-2.6,9,2,7,-5
1970-01-01,SMZ26-N27,-2.5,8,2,6,-4
1970-01-01,SMZ26-N27,-2.4,66,10,56,-46
1970-01-01,SMZ26-N27,-2.3,59,26,33,-7
1970-01-01,SMZ26-N27,-2.2,14,12,2,10
1970-01-01,SMZ26-N27,-2.1,15,12,3,9
1970-01-01,SMZ26-N27,-2.0,121,15,106,-91
1970-01-01,SMZ26-N27,-1.9,47,28,19,9
1970-01-01,SMZ26-N27,-1.8,15,9,6,3
1970-01-01,SMZ26-N27,-1.7,14,9,5,4
1970-01-01,SMZ26-N27,-1.6,68,15,53,-38
1970-01-01,SMZ26-N27,-1.5,71,23,48,-25
1970-01-01,SMZ26-N27,-1.4,45,15,30,-15
1970-01-01,SMZ26-N27,-1.3,53,40,13,27
1970-01-01,SMZ26-N27,-1.2,165,98,67,31
1970-01-01,SMZ26-N27,-1.1,212,72,140,-68
1970-01-01,SMZ26-N27,-1.0,198,125,73,52
1970-01-01,SMZ26-N27,-0.9,670,519,151,368
1970-01-01,SMZ26-N27,-0.8,402,47,355,-308
1970-01-01,SMZ26-N27,-0.7,115,59,56,3
1970-01-01,SMZ26-N27,-0.6,490,416,74,342
1970-01-01,SMZ26-N27,-0.5,179,107,72,35
1970-01-01,SMZ26-N27,-0.4,67,41,26,15
1970-01-01,SMZ26-N27,-0.3,141,114,27,87
1970-01-01,SMZ26-N27,-0.2,110,52,58,-6
1970-01-01,SMZ26-N27,-0.1,246,48,198,-150
1970-01-01,SMZ26-N27,0.0,683,620,63,557
1970-01-01,SMZ26-N27,0.1,136,70,66,4
1970-01-01,SMZ26-N27,0.2,303,276,27,249
1970-01-01,SMZ26-N27,0.3,167,94,73,21
1970-01-01,SMZ26-N27,0.4,111,77,34,43
1970-01-01,SMZ26-N27,0.5,26,24,2,22
1970-01-01,SMZ26-N27,0.6,2,2,0,2
1970-01-01,SMZ26-Q27,-1.5,1,1,0,1
1970-01-01,SMZ26-Q27,-1.3,4,0,4,-4
1970-01-01,SMZ26-Q27,-1.0,3,1,2,-1
1970-01-01,SMZ26-Q27,-0.8,2,2,0,2
1970-01-01,SMZ26-Q27,-0.7,2,2,0,2
1970-01-01,SMZ26-Q27,-0.6,1,1,0,1
1970-01-01,SMZ26-Q27,-0.5,5,1,4,-3
1970-01-01,SMZ26-Q27,-0.4,4,0,4,-4
1970-01-01,SMZ26-Q27,0.0,4,0,4,-4
1970-01-01,SMZ26-Q27,1.1,1,1,0,1
1970-01-01,SMZ26-Q27,1.5,6,6,0,6
1970-01-01,SMZ26-Q27,1.9,5,1,4,-3
1970-01-01,SMZ26-Q27,2.3,3,3,0,3
1970-01-01,SMZ26-Q27,2.4,4,2,2,0
1970-01-01,SMZ26-Q27,2.5,7,3,4,-1
1970-01-01,SMZ26-Q27,2.6,7,7,0,7
1970-01-01,SMZ26-Q27,2.8,1,0,1,-1
1970-01-01,SMZ26-Q27,3.0,2,1,1,0
1970-01-01,SMZ26-Q27,3.1,7,2,5,-3
1970-01-01,SMZ26-Q27,3.2,2,0,2,-2
1970-01-01,SMZ26-Q27,3.3,12,12,0,12
1970-01-01,SMZ26-Q27,3.4,11,7,4,3
1970-01-01,SMZ26-Q27,3.5,2,0,2,-2
1970-01-01,SMZ26-Q27,3.6,8,7,1,6
1970-01-01,SMZ26-Q27,3.7,1,0,1,-1
1970-01-01,SMZ26-Q27,3.8,6,0,6,-6
1970-01-01,SMZ26-Q27,3.9,2,0,2,-2
1970-01-01,SMZ26-Q27,4.0,3,1,2,-1
1970-01-01,SMZ26-Q27,4.1,4,3,1,2
1970-01-01,SMZ26-Q27,4.2,15,14,1,13
1970-01-01,SMZ26-Q27,4.3,5,2,3,-1
1970-01-01,SMZ26-Q27,4.4,3,3,0,3
1970-01-01,SMZ26-Q27,4.5,2,2,0,2
1970-01-01,SMZ26-Q27,4.7,9,5,4,1
1970-01-01,SMZ26-Q27,4.8,3,0,3,-3
1970-01-01,SMZ26-Q27,4.9,1,0,1,-1
1970-01-01,SMZ26-U27,2.3,2,2,0,2
1970-01-01,SMZ26-U27,2.7,3,0,3,-3
1970-01-01,SMZ26-U27,3.5,6,0,6,-6
1970-01-01,SMZ26-U27,3.6,2,1,1,0
1970-01-01,SMZ26-U27,3.9,6,0,6,-6
1970-01-01,SMZ26-U27,4.0,1,0,1,-1
1970-01-01,SMZ26-U27,4.1,1,0,1,-1
1970-01-01,SMZ26-U27,4.5,2,0,2,-2
1970-01-01,SMZ26-U27,4.6,4,0,4,-4
1970-01-01,SMZ26-U27,6.7,1,1,0,1
1970-01-01,SMZ26-U27,6.9,1,0,1,-1
1970-01-01,SMZ26-U27,7.2,1,0,1,-1
1970-01-01,SMZ26-U27,8.1,3,0,3,-3
1970-01-01,SMZ26-U27,8.5,7,3,4,-1
1970-01-01,SMZ26-U27,8.6,2,2,0,2
1970-01-01,SMZ26-U27,8.7,2,2,0,2
1970-01-01,SMZ26-U27,8.8,1,0,1,-1
1970-01-01,SMZ26-U27,9.0,4,1,3,-2
1970-01-01,SMZ26-U27,9.2,1,1,0,1
1970-01-01,SMZ26-U27,9.4,1,1,0,1
1970-01-01,SMZ26-U27,9.5,1,0,1,-1
1970-01-01,SMZ26-U27,9.6,2,0,2,-2
1970-01-01,SMZ26-U27,9.7,12,11,1,10
1970-01-01,SMZ26-U27,9.9,2,0,2,-2
1970-01-01,SMZ26-U27,10.1,3,3,0,3
1970-01-01,SMZ26-U27,10.2,4,2,2,0
1970-01-01,SMZ26-U27,10.3,1,0,1,-1
1970-01-01,SMZ26-Z27,6.7,1,0,1,-1
1970-01-01,SMZ26-Z27,7.0,6,0,6,-6
1970-01-01,SMZ26-Z27,7.1,1,0,1,-1
1970-01-01,SMZ26-Z27,7.2,3,3,0,3
1970-01-01,SMZ26-Z27,7.3,1,1,0,1
1970-01-01,SMZ26-Z27,7.6,1,0,1,-1
1970-01-01,SMZ26-Z27,10.8,1,1,0,1
1970-01-01,SMZ26-Z27,10.9,1,1,0,1
1970-01-01,SMZ26-Z27,12.5,3,1,2,-1
1970-01-01,SMZ26-Z27,13.1,1,1,0,1
1970-01-01,SMZ26-Z27,13.2,5,3,2,1
1970-01-01,SMZ26-Z27,13.3,3,1,2,-1
1970-01-01,SMZ26-Z27,13.4,2,1,1,0
1970-01-01,SMZ26-Z27,13.8,1,1,0,1
1970-01-01,SMZ26-Z27,14.2,2,2,0,2
1970-01-01,SMZ26-Z27,14.4,10,10,0,10
1970-01-01,SMZ26-Z27,14.5,1,1,0,1
1970-01-01,SMZ26-Z27,14.6,3,3,0,3
1970-01-01,SMZ26-Z27,14.7,2,0,2,-2
1970-01-01,SMZ26-Z27,14.8,2,2,0,2
1970-01-01,SMZ26-Z27,14.9,1,0,1,-1
1970-01-01,SMZ26-Z27,15.0,14,14,0,14
1970-01-01,WH27-K27,-8.25,366,11,355,-344
1970-01-01,WH27-K27,-8.0,1257,781,476,305
1970-01-01,WH27-K27,-7.75,1301,803,498,305
1970-01-01,WH27-K27,-7.5,706,368,338,30
1970-01-01,WH27-K27,-7.25,1078,350,728,-378
1970-01-01,WH27-K27,-7.0,1891,1213,678,535
1970-01-01,WH27-K27,-6.75,860,592,268,324
1970-01-01,WH27-K27,-6.5,24,24,0,24
1970-01-01,WH27-N27,-8.25,3,0,3,-3
1970-01-01,WH27-N27,-8.0,14,7,7,0
1970-01-01,WH27-N27,-7.75,52,11,41,-30
1970-01-01,WH27-N27,-7.5,108,64,44,20
1970-01-01,WH27-N27,-7.25,57,28,29,-1
1970-01-01,WH27-N27,-7.0,13,0,13,-13
1970-01-01,WH27-N27,-6.75,18,5,13,-8
1970-01-01,WH27-N27,-6.5,114,33,81,-48
1970-01-01,WH27-N27,-6.25,73,41,32,9
1970-01-01,WH27-N27,-6.0,39,22,17,5
1970-01-01,WH27-N27,-5.75,42,18,24,-6
1970-01-01,WH27-N27,-5.5,28,10,18,-8
1970-01-01,WH27-N27,-5.25,53,21,32,-11
1970-01-01,WH27-N27,-5.0,120,77,43,34
1970-01-01,WH27-N27,-4.75,123,61,62,-1
1970-01-01,WH27-N27,-4.5,159,56,103,-47
1970-01-01,WH27-N27,-4.25,123,37,86,-49
1970-01-01,WH27-N27,-4.0,24,22,2,20
1970-01-01,WH27-U27,-12.75,1,1,0,1
1970-01-01,WH27-U27,-12.25,8,7,1,6
1970-01-01,WH27-U27,-12.0,2,2,0,2
1970-01-01,WH27-U27,-11.75,11,3,8,-5
1970-01-01,WH27-U27,-11.5,3,1,2,-1
1970-01-01,WH27-U27,-11.25,11,9,2,7
1970-01-01,WH27-U27,-10.75,1,0,1,-1
1970-01-01,WH27-U27,-10.5,4,1,3,-2
1970-01-01,WH27-U27,-10.25,9,4,5,-1
1970-01-01,WH27-U27,-10.0,33,13,20,-7
1970-01-01,WH27-U27,-9.75,31,25,6,19
1970-01-01,WH27-U27,-9.5,23,14,9,5
1970-01-01,WH27-U27,-9.25,21,10,11,-1
1970-01-01,WH27-U27,-9.0,20,9,11,-2
1970-01-01,WH27-U27,-8.75,14,13,1,12
1970-01-01,WH27-U27,-8.5,10,10,0,10
1970-01-01,WH27-U27,-8.25,21,11,10,1
1970-01-01,WH27-U27,-8.0,8,3,5,-2
1970-01-01,WH27-U27,-7.75,7,3,4,-1
1970-01-01,WH27-U27,-7.5,12,12,0,12
1970-01-01,WH27-U27,-7.25,12,1,11,-10
1970-01-01,WH27-Z27,-22.75,8,0,8,-8
1970-01-01,WH27-Z27,-22.25,16,12,4,8
1970-01-01,WH27-Z27,-22.0,2,2,0,2
1970-01-01,WH27-Z27,-21.75,1,1,0,1
1970-01-01,WH27-Z27,-21.5,1,1,0,1
1970-01-01,WH27-Z27,-19.25,3,3,0,3
1970-01-01,WH27-Z27,-19.0,4,4,0,4
1970-01-01,WH27-Z27,-18.75,2,2,0,2
1970-01-01,WH27-Z27,-18.5,4,3,1,2
1970-01-01,WH27-Z27,-18.25,3,3,0,3
1970-01-01,WH27-Z27,-18.0,6,3,3,0
1970-01-01,WH27-Z27,-17.75,5,3,2,1
1970-01-01,WH27-Z27,-17.5,4,4,0,4
1970-01-01,WH27-Z27,-17.25,5,5,0,5
1970-01-01,WH27-Z27,-17.0,1,0,1,-1
1970-01-01,WH27-Z27,-16.75,4,2,2,0
1970-01-01,WH27-Z27,-16.25,3,3,0,3
1970-01-01,WH27-Z27,-16.0,4,1,3,-2
1970-01-01,WH27-Z27,-15.0,1,1,0,1
1970-01-01,WK27-N27,-0.25,17,0,17,-17
1970-01-01,WK27-N27,0.0,68,10,58,-48
1970-01-01,WK27-N27,0.25,165,29,136,-107
1970-01-01,WK27-N27,0.5,266,112,154,-42
1970-01-01,WK27-N27,0.75,216,106,110,-4
1970-01-01,WK27-N27,1.0,45,1,44,-43
1970-01-01,WK27-N27,1.25,54,0,54,-54
1970-01-01,WK27-N27,1.5,205,71,134,-63
1970-01-01,WK27-N27,1.75,186,95,91,4
1970-01-01,WK27-N27,2.0,285,158,127,31
1970-01-01,WK27-N27,2.25,556,376,180,196
1970-01-01,WK27-N27,2.5,452,151,301,-150
1970-01-01,WK27-N27,2.75,277,177,100,77
1970-01-01,WK27-N27,3.0,46,46,0,46
1970-01-01,WK27-U27,-5.0,1,0,1,-1
1970-01-01,WK27-U27,-4.75,1,0,1,-1
1970-01-01,WK27-U27,-4.25,21,13,8,5
1970-01-01,WK27-U27,-4.0,1,1,0,1
1970-01-01,WK27-U27,-3.75,8,8,0,8
1970-01-01,WK27-U27,-3.5,9,9,0,9
1970-01-01,WK27-U27,-3.25,7,7,0,7
1970-01-01,WK27-U27,-3.0,2,1,1,0
1970-01-01,WK27-U27,-2.75,10,2,8,-6
1970-01-01,WK27-U27,-2.5,21,9,12,-3
1970-01-01,WK27-U27,-2.25,22,15,7,8
1970-01-01,WK27-U27,-2.0,36,20,16,4
1970-01-01,WK27-U27,-1.75,24,7,17,-10
1970-01-01,WK27-U27,-1.5,23,21,2,19
1970-01-01,WK27-U27,-1.25,4,3,1,2
1970-01-01,WK27-U27,-1.0,206,18,188,-170
1970-01-01,WK27-U27,-0.75,9,0,9,-9
1970-01-01,WK27-U27,-0.5,27,26,1,25
1970-01-01,WK27-Z27,-14.5,2,0,2,-2
1970-01-01,WK27-Z27,-14.25,4,0,4,-4
1970-01-01,WK27-Z27,-14.0,1,1,0,1
1970-01-01,WK27-Z27,-13.75,1,1,0,1
1970-01-01,WK27-Z27,-13.5,1,1,0,1
1970-01-01,WK27-Z27,-13.25,4,4,0,4
1970-01-01,WK27-Z27,-12.25,1,1,0,1
1970-01-01,WK27-Z27,-11.75,3,3,0,3
1970-01-01,WK27-Z27,-11.5,3,3,0,3
1970-01-01,WK27-Z27,-10.75,3,0,3,-3
1970-01-01,WK27-Z27,-10.5,16,15,1,14
1970-01-01,WK27-Z27,-10.25,3,1,2,-1
1970-01-01,WK27-Z27,-10.0,4,0,4,-4
1970-01-01,WK27-Z27,-9.5,1,0,1,-1
1970-01-01,WK27-Z27,-9.0,3,3,0,3
1970-01-01,WK27-Z27,-8.0,1,1,0,1
1970-01-01,WN27-U27,-5.0,23,0,23,-23
1970-01-01,WN27-U27,-4.75,275,26,249,-223
1970-01-01,WN27-U27,-4.5,408,220,188,32
1970-01-01,WN27-U27,-4.25,296,200,96,104
1970-01-01,WN27-U27,-4.0,521,254,267,-13
1970-01-01,WN27-U27,-3.75,795,293,502,-209
1970-01-01,WN27-U27,-3.5,241,145,96,49
1970-01-01,WN27-U27,-3.25,2,2,0,2
1970-01-01,WN27-Z27,-14.5,10,0,10,-10
1970-01-01,WN27-Z27,-14.25,3,2,1,1
1970-01-01,WN27-Z27,-14.0,72,2,70,-68
1970-01-01,WN27-Z27,-13.75,64,25,39,-14
1970-01-01,WN27-Z27,-13.5,76,43,33,10
1970-01-01,WN27-Z27,-13.25,8,8,0,8
1970-01-01,WN27-Z27,-13.0,10,2,8,-6
1970-01-01,WN27-Z27,-12.75,55,55,0,55
1970-01-01,WN27-Z27,-12.5,4,3,1,2
1970-01-01,WN27-Z27,-12.25,47,22,25,-3
1970-01-01,WN27-Z27,-12.0,62,54,8,46
1970-01-01,WN27-Z27,-11.75,15,15,0,15
1970-01-01,WN27-Z27,-11.5,6,6,0,6
1970-01-01,WN27-Z27,-11.25,1,0,1,-1
1970-01-01,WN27-Z27,-11.0,3,3,0,3
1970-01-01,WU27-Z27,-9.75,40,0,40,-40
1970-01-01,WU27-Z27,-9.5,89,37,52,-15
1970-01-01,WU27-Z27,-9.25,18,7,11,-4
1970-01-01,WU27-Z27,-9.0,125,62,63,-1
1970-01-01,WU27-Z27,-8.75,103,44,59,-15
1970-01-01,WU27-Z27,-8.5,110,49,61,-12
1970-01-01,WU27-Z27,-8.25,120,72,48,24
1970-01-01,WU27-Z27,-8.0,71,40,31,9
1970-01-01,WU27-Z27,-7.75,1,1,0,1
1970-01-01,WZ26-H27,-16.5,22,0,22,-22
1970-01-01,WZ26-H27,-16.25,3778,310,3468,-3158
1970-01-01,WZ26-H27,-16.0,8604,5956,2648,3308
1970-01-01,WZ26-H27,-15.75,1555,1555,0,1555
1970-01-01,WZ26-K27,-24.5,1,0,1,-1
1970-01-01,WZ26-K27,-24.25,648,348,300,48
1970-01-01,WZ26-K27,-24.0,682,368,314,54
1970-01-01,WZ26-K27,-23.75,530,264,266,-2
1970-01-01,WZ26-K27,-23.5,589,250,339,-89
1970-01-01,WZ26-K27,-23.25,747,391,356,35
1970-01-01,WZ26-K27,-23.0,852,497,355,142
1970-01-01,WZ26-K27,-22.75,151,62,89,-27
1970-01-01,WZ26-K27,-22.5,3,3,0,3
1970-01-01,WZ26-N27,-24.25,52,0,52,-52
1970-01-01,WZ26-N27,-24.0,135,50,85,-35
1970-01-01,WZ26-N27,-23.75,78,32,46,-14
1970-01-01,WZ26-N27,-23.5,109,48,61,-13
1970-01-01,WZ26-N27,-23.25,65,47,18,29
1970-01-01,WZ26-N27,-22.75,74,6,68,-62
1970-01-01,WZ26-N27,-22.5,258,43,215,-172
1970-01-01,WZ26-N27,-22.25,89,32,57,-25
1970-01-01,WZ26-N27,-22.0,173,23,150,-127
1970-01-01,WZ26-N27,-21.75,59,21,38,-17
1970-01-01,WZ26-N27,-21.5,57,22,35,-13
1970-01-01,WZ26-N27,-21.25,83,45,38,7
1970-01-01,WZ26-N27,-21.0,133,60,73,-13
1970-01-01,WZ26-N27,-20.75,127,54,73,-19
1970-01-01,WZ26-N27,-20.5,154,98,56,42
1970-01-01,WZ26-N27,-20.25,137,91,46,45
1970-01-01,WZ26-N27,-20.0,64,39,25,14
1970-01-01,WZ26-N27,-19.75,1,1,0,1
1970-01-01,WZ26-U27,-28.75,67,0,67,-67
1970-01-01,WZ26-U27,-28.5,108,19,89,-70
1970-01-01,WZ26-U27,-28.25,82,26,56,-30
1970-01-01,WZ26-U27,-28.0,23,8,15,-7
1970-01-01,WZ26-U27,-27.75,76,16,60,-44
1970-01-01,WZ26-U27,-27.5,35,13,22,-9
1970-01-01,WZ26-U27,-27.25,45,19,26,-7
1970-01-01,WZ26-U27,-27.0,19,2,17,-15
1970-01-01,WZ26-U27,-26.75,14,3,11,-8
1970-01-01,WZ26-U27,-26.5,81,20,61,-41
1970-01-01,WZ26-U27,-26.25,241,16,225,-209
1970-01-01,WZ26-U27,-26.0,79,47,32,15
1970-01-01,WZ26-U27,-25.75,41,20,21,-1
1970-01-01,WZ26-U27,-25.5,44,22,22,0
1970-01-01,WZ26-U27,-25.25,47,34,13,21
1970-01-01,WZ26-U27,-25.0,69,6,63,-57
1970-01-01,WZ26-U27,-24.75,43,35,8,27
1970-01-01,WZ26-U27,-24.5,72,22,50,-28
1970-01-01,WZ26-U27,-24.25,44,7,37,-30
1970-01-01,WZ26-U27,-24.0,6,1,5,-4
1970-01-01,WZ26-U27,-23.75,48,20,28,-8
1970-01-01,WZ26-U27,-23.5,62,3,59,-56
1970-01-01,WZ26-U27,-23.25,2,1,1,0
1970-01-01,WZ26-U27,-23.0,1,0,1,-1
1970-01-01,WZ26-Z27,-38.75,10,0,10,-10
1970-01-01,WZ26-Z27,-38.5,2,0,2,-2
1970-01-01,WZ26-Z27,-38.25,1,1,0,1
1970-01-01,WZ26-Z27,-38.0,8,3,5,-2
1970-01-01,WZ26-Z27,-37.75,1,1,0,1
1970-01-01,WZ26-Z27,-37.5,1,1,0,1
1970-01-01,WZ26-Z27,-37.0,3,3,0,3
1970-01-01,WZ26-Z27,-36.75,2,0,2,-2
1970-01-01,WZ26-Z27,-36.25,1,0,1,-1
1970-01-01,WZ26-Z27,-36.0,1,0,1,-1
1970-01-01,WZ26-Z27,-35.75,1,0,1,-1
1970-01-01,WZ26-Z27,-35.5,12,5,7,-2
1970-01-01,WZ26-Z27,-35.25,11,9,2,7
1970-01-01,WZ26-Z27,-35.0,21,20,1,19
1970-01-01,WZ26-Z27,-34.75,3,0,3,-3
1970-01-01,WZ26-Z27,-34.5,19,18,1,17
1970-01-01,WZ26-Z27,-34.25,3,2,1,1
1970-01-01,WZ26-Z27,-34.0,13,9,4,5
1970-01-01,WZ26-Z27,-33.75,5,4,1,3
1970-01-01,WZ26-Z27,-33.5,13,13,0,13
1970-01-01,WZ26-Z27,-33.25,6,6,0,6
1970-01-01,WZ26-Z27,-33.0,1,0,1,-1
1970-01-01,WZ26-Z27,-32.75,6,6,0,6
1970-01-01,WZ26-Z27,-32.5,1,1,0,1
1970-01-01,WZ26-Z27,-31.75,2,2,0,2
1970-01-01,WZ26-Z27,-31.5,1,1,0,1
1970-01-01,WZ26-Z27,-31.25,10,10,0,10
1970-01-01,WZ26-Z27,-31.0,1,1,0,1
